Slno,Code,File Name,Date,Year,Type,Language,Location,Source,Source Link
1,Sri,Hin_Sri_Gangamata_goswamini-Ses-5_Disciple_training_program_Puri-12-04-2026.mp3,12-04-2026,2026,LECTURE,Hin,Puri,Hindi,https://drive.google.com/uc?export=download&id=1V2dKhx5oOhFNcjdWpzbxX238G-0wVvel
2,QnA,Hin_QnA_Session_Ses-4_Disciple_training_program_Puri_12-04-26.mp3,12-04-26,2026,LECTURE,Hin,Puri,Hindi,https://drive.google.com/uc?export=download&id=1YMtVn2dDiyweBbCt5qSIe1gwVUkYqEIf
3,Srila,Hin_Srila_Isvara_Puri_Ses-3_Disciple_training_program_Puri_11-04-26.mp3,11-04-26,2026,LECTURE,Hin,Puri,Hindi,https://drive.google.com/uc?export=download&id=1VL48l0BOOxExcFzX4_S-pcuw0js6tNog
4,Srila,Hin_Srila_Tamal_Krishna_Gosvami_maharaj_ke_jivan_se_sikshya_Ses-2-Puri_11-04-26.mp3,11-04-26,2026,LECTURE,Hin,Puri,Hindi,https://drive.google.com/uc?export=download&id=16cVHNDlEgkWltKirSmGuAqLisvpwG-ZJ
5,Guru,Hin_Guru_tatva_Ses-1_Disciple_training_program_Puri_10-04-26.mp3,10-04-26,2026,LECTURE,Hin,Puri,Hindi,https://drive.google.com/uc?export=download&id=1yR2_tEmQt-thKsJ6-z4UG7O8fjAmj6VL
6,Gour,Hin_Gour_Purnima_festival_ISKCON_Vrindavan_03-03-26.mp3,03-03-26,2026,LECTURE,Hin,Vrindavan,Hindi,https://drive.google.com/uc?export=download&id=1O2nU4KWD63dDaAnASm9OiTpNHBsZYKiM
7,Keshav,Hin_Keshav_kashmiri_uddhar_ISKCON_Vrindavan-21-01-26.mp3,21-01-26,2026,LECTURE,Hin,Vrindavan,Hindi,https://drive.google.com/uc?export=download&id=1shVbFGQG4Sl88HXLpsiuYkj2ZWe652uJ
8,Gour,Hin_Gour_Purnima_festival_ISKCON_Vrindavan_19-03-11.mp3,19-03-11,2011,LECTURE,Hin,Vrindavan,Hindi,https://drive.google.com/uc?export=download&id=1InDcplbQsJ7a4tp5sWGaaMQka8czFGB7
9,Sri,Hin_Sri_Krishna_Srimati_Radharani_ki_bhav_mai_Vrindavan_15-07-07.mp3,15-07-07,2007,LECTURE,Hin,Vrindavan,Hindi,https://drive.google.com/uc?export=download&id=1TEyvg7LSKTCHmXjUta9XQdhYvoUmKBTL
10,Mahaprabhu,Hin_Mahaprabhu_ka_Maharastriya_brahman_par_kripa_Vrindavan_12-07-07.mp3,12-07-07,2007,LECTURE,Hin,Vrindavan,Hindi,https://drive.google.com/uc?export=download&id=1XsT9fSdq7RoYPh-jUs9cOuj0SwyMtUl1
11,Sri,Hin_Sri_Chaitanya_mahaprabhu_ka_van_mai_pasuon_ko_Krishna_nam_pradan_Vrindavan_10-02-07.mp3,10-02-07,2007,LECTURE,Hin,Vrindavan,Hindi,https://drive.google.com/uc?export=download&id=1ms2PPtoFmMe63UgNoqBtOq2x-5xZl2GD
12,Gour,Hin_Gour_Purnima_festival_ISKCON_Vrindavan_09-03-21.mp3,09-03-21,2021,LECTURE,Hin,Vrindavan,Hindi,https://drive.google.com/uc?export=download&id=18Bk1gtn2BptkCjL1YKUPspYaSWNcSqku
13,SB-10.05.19-Nanda,Hin_SB-10.05.19-Nanda_maharaj_ka_Mathura_yatra_ISKCON_Vrindavan_03-02-26.mp3,03-02-26,2026,SB,Hin,Vrindavan,Hindi,https://drive.google.com/uc?export=download&id=1Stc7k5Azhc-YO66BzFPmhhg6BZ5UQKGy
14,Nityananda,Hin_Nityananda_Trayodashi_ISKCON_Vrindavan_31-01-26.mp3,31-01-26,2026,LECTURE,Hin,Vrindavan,Hindi,https://drive.google.com/uc?export=download&id=1UOMbTrs8Ws1yix27-V9bnSNgmgA9d_A_
15,Gour,Hin_Gour_Purnima_festival_ISKCON_Vrindavan_05-03-15.mp3,05-03-15,2015,LECTURE,Hin,Vrindavan,Hindi,https://drive.google.com/uc?export=download&id=1cR3S-R9kdLEjiUPFwETBbfIFcyj1Klvf
16,Nityananda,Hin_Nityananda_Trayodashi_ISKCON_Vrindavan_18-02-19.mp3,18-02-19,2019,LECTURE,Hin,Vrindavan,Hindi,https://drive.google.com/uc?export=download&id=1rYfWEujXSS2R9pZTk9IEmcIYrYayYtVu
17,Gouranga,Hin_Gouranga_mahaprabhu_ke_lila_Day-1_ISKCON_Vrindavan_01-05-15.mp3,01-05-15,2015,SEMINAR,Hin,Vrindavan,Hindi,https://drive.google.com/uc?export=download&id=1TBZnJh5hk4NG0kjuce-scCR6gHvSjd8w
18,Bali,Hin_Bali_Vaman_Charita_Day-3_Angul_21-12-25.mp3,21-12-25,2025,SEMINAR,Hin,Angul,Hindi,https://drive.google.com/uc?export=download&id=19fGYXiWY2ezPykMRJGN9guZB0M_OOMq9
19,Bali,Hin_Bali_Vaman_Charita_Day-2_Angul_20-12-25.mp3,20-12-25,2025,SEMINAR,Hin,Angul,Hindi,https://drive.google.com/uc?export=download&id=1917WhHSb9URe_xrjyzA-bvgwDXXvM99j
20,Bali,Hin_Bali_Vaman_Charita_Day-1_Angul_19-12-25.mp3,19-12-25,2025,SEMINAR,Hin,Angul,Hindi,https://drive.google.com/uc?export=download&id=1DYFakNh1n-r5wwgjFKoFICjvNgq7Zm5J
21,SB-04.08.23,Hin_SB-04.08.23_Dhruva_maharaj_ko_mata_Suniti_ka_upadesh_Hyderbad_14-12-25.mp3,14-12-25,2025,SB,Hin,Unknown,Hindi,https://drive.google.com/uc?export=download&id=1Bl8Jet0S8XwSUMG4vq-lDsWCS0_EH3vo
22,SB-03.29.11-12,Hin_SB-03.29.11-12_Bhagavan_Kapil_dvara_Suddh_bhakti_ki_vakhya_Hyderabad_13-12-25.mp3,13-12-25,2025,SB,Hin,Hyderabad,Hindi,https://drive.google.com/uc?export=download&id=1m8reHyVZWqdrOWYTnfcIVx6gmZj0Ft3S
23,SB-12.13.23,Hin_SB-12.13.23_Srimad_Bhagavatam_ki_mahima_Hyderabad_12-12-25.mp3,12-12-25,2025,SB,Hin,Hyderabad,Hindi,https://drive.google.com/uc?export=download&id=1jSFw-m_W0kYpelBR6Budb3OVyYMmIXkh
24,Dikshya,Hin_Dikshya_pravachan_Hyderabad_12-12-25.mp3,12-12-25,2025,LECTURE,Hin,Hyderabad,Hindi,https://drive.google.com/uc?export=download&id=1HNMrWUFHwIPiqjHPKAbaeY1yk6Y_pLBl
25,SB-08.02.32,Hin_SB-08.02.32_Ganjendra_par_sankat_aur_Bhagavan_ke_saran_mai_jana_Hyderabad_12-12-25.mp3,12-12-25,2025,SB,Hin,Hyderabad,Hindi,https://drive.google.com/uc?export=download&id=1LIlMTk0HsqC6m2P5iK5QJfctl4TFhOGR
26,SB-05.05.01,Hin_SB-05.05.01_manushya_janma_ka_uddeshya_Hyderabad_10-12-25.mp3,10-12-25,2025,SB,Hin,Hyderabad,Hindi,https://drive.google.com/uc?export=download&id=110xCpOTyf75kKxsB6XUk6d0S7Xksg6k3
27,SB-10.02.22,Hin_SB-10.02.22_Kamsa_ka_suvichar_ISKCON_Vrindavan_11-09-25.mp3,11-09-25,2025,SB,Hin,Vrindavan,Hindi,https://drive.google.com/uc?export=download&id=1PzGqQLvbRBNk_jXRSJJsN8EjIYFCxr7l
28,Bhakti,Hin_Bhakti_marg_mai_utar_chadhav_ISKCON_Angul-18-10-25.mp3,18-10-25,2025,LECTURE,Hin,Angul,Hindi,https://drive.google.com/uc?export=download&id=1_rAw3BquoFWJcFwL3BTgqb28jYeizDc4
29,RathaYatra,Hin_RathaYatra_ke_samay_Sri_Jagannath_ji_ki_lila_Srikhetra_Parikrama_Puri_08-11-25.mp3,08-11-25,2025,LECTURE,Hin,Puri,Hindi,https://drive.google.com/uc?export=download&id=1Az3wqClCv-X3f2tLDHW_zD-CKZKsijdF
30,Prabhupada,Hin_Prabhupada_lila_ISKCON_Agra_25-10-25.mp3,25-10-25,2025,LECTURE,Hin,Unknown,Hindi,https://drive.google.com/uc?export=download&id=1VZBoGuACuj9zBHuyCnY3pBAWxLw-2a3n
31,Srimati,Hin_Srimati_Radharani_ki_mahima-Day-4_ISKCON_Juhu_06-09-16.mp3,06-09-16,2016,SEMINAR,Hin,Unknown,Hindi,https://drive.google.com/uc?export=download&id=1J3inEmsMTJQhUQSsZb6Y-8dN4tS1uzQj
32,Srimati,Hin_Srimati_Radharani_ki_mahima-Day-3_ISKCON_Juhu_05-09-16.mp3,05-09-16,2016,SEMINAR,Hin,Unknown,Hindi,https://drive.google.com/uc?export=download&id=1VKAUdAyfA-oj3O6Ce83Dp5hg1RFVBf8x
33,Srimati,Hin_Srimati_Radharani_ki_mahima-Day-2_ISKCON_Juhu_04-09-16.mp3,04-09-16,2016,SEMINAR,Hin,Unknown,Hindi,https://drive.google.com/uc?export=download&id=12VyllzDdkcZCc5de5a18de42r6s3jW7Z
34,Srimati,Hin_Srimati_Radharani_ki_mahima-Day-1_ISKCON_Juhu_03-09-16.mp3,03-09-16,2016,SEMINAR,Hin,Unknown,Hindi,https://drive.google.com/uc?export=download&id=1W1IPWZsifXAmsI_XTLMgBYyH7jKB1gAw
35,Chaitanya,Hin_Chaitanya_mangal-Day-3-Vrindavan_12-10-25.mp3,12-10-25,2025,SEMINAR,Hin,Vrindavan,Hindi,https://drive.google.com/uc?export=download&id=1pLKqBYPNihHqpyV64nIGpRvlb-vtoB3d
36,Chaitanya,Hin_Chaitanya_mangal-Ch-02-Vrindavan_10-10-25.mp3,10-10-25,2025,LECTURE,Hin,Vrindavan,Hindi,https://drive.google.com/uc?export=download&id=1HHYE1fhYmT8zEvGRgP047Ku5RvzVBxry
37,Chaitanya,Hin_Chaitanya_mangal-Ch-01-Vrindavan_25-09-25.mp3,25-09-25,2025,LECTURE,Hin,Vrindavan,Hindi,https://drive.google.com/uc?export=download&id=1mlYcxXePP8KmXs2qiGBMoYG-UBNFmQiH
38,Bali,Hin_Bali_maharaj_aur_Vaman_Bhagavan_ki_lila-Day-7_ISKCON_Jaipur_02-10-21.mp3,02-10-21,2021,SEMINAR,Hin,Unknown,Hindi,https://drive.google.com/uc?export=download&id=1usWyLLT1TqWJRAgiZrBMl9cTdMootxuB
39,Bali,Hin_Bali_maharaj_aur_Vaman_Bhagavan_ki_lila-Day-6_ISKCON_Jaipur_01-10-21.mp3,01-10-21,2021,SEMINAR,Hin,Unknown,Hindi,https://drive.google.com/uc?export=download&id=1pgABfodI6vVnKpDorthlD3cvrKjQMC3Y
40,Bali,Hin_Bali_maharaj_aur_Vaman_Bhagavan_ki_lila-Day-5_ISKCON_Jaipur_30-09-21.mp3,30-09-21,2021,SEMINAR,Hin,Unknown,Hindi,https://drive.google.com/uc?export=download&id=1A-1_S1IUh6uAdkDqG9TjIxKbTFDMh-7A
41,Bali,Hin_Bali_maharaj_aur_Vaman_Bhagavan_ki_lila-Day-4_ISKCON_Jaipur_29-09-21.mp3,29-09-21,2021,SEMINAR,Hin,Unknown,Hindi,https://drive.google.com/uc?export=download&id=1Z93_GlimY-usK181u0A_P1QlUWgDRKCn
42,Bali,Hin_Bali_maharaj_aur_Vaman_Bhagavan_ki_lila-Day-3_ISKCON_Jaipur_28-09-21.mp3,28-09-21,2021,SEMINAR,Hin,Unknown,Hindi,https://drive.google.com/uc?export=download&id=1FASm-oZnSWhP6YrJK8Y2pn81hs1VApJw
43,Bali,Hin_Bali_maharaj_aur_Vaman_Bhagavan_ki_lila-Day-2_ISKCON_Jaipur_27-09-21.mp3,27-09-21,2021,SEMINAR,Hin,Unknown,Hindi,https://drive.google.com/uc?export=download&id=18QYP_dH8ZtGWjLHDe8jONfwv5NSVN--G
44,Bali,Hin_Bali_maharaj_aur_Vaman_Bhagavan_ki_lila-Day-1_ISKCON_Jaipur_26-09-21.mp3,26-09-21,2021,SEMINAR,Hin,Unknown,Hindi,https://drive.google.com/uc?export=download&id=1-Ner_8aEcOiPq6ve_kGsixtwCGJBGcbA
45,Haridas,Hin_Haridas_thakur_tirobhav_ISKCON_Angul_02-09-20.mp3,02-09-20,2020,LECTURE,Hin,Angul,Hindi,https://drive.google.com/uc?export=download&id=1JkZ2H7sRRclR6EdsXBCE8y6anY1IKco2
46,Srila,Hin_Srila_Bhaktivinod_thakur_avirbhav_ISKCON_Vrindavan_22-08-18.mp3,22-08-18,2018,LECTURE,Hin,Vrindavan,Hindi,https://drive.google.com/uc?export=download&id=1t9rnVzbeE8wC4VXAsXrE6EVc0LDflM4D
47,Radhastami,Hin_Radhastami_lecture_ISKCON_Vrindavan_31-08-25.mp3,31-08-25,2025,LECTURE,Hin,Vrindavan,Hindi,https://drive.google.com/uc?export=download&id=1OEYrKvQiljOS082fCfiVQf1QWBpLclCP
48,Radhastami,Hin_Radhastami_lecture_ISKCON_Vrindavan_02-09-14.mp3,02-09-14,2014,LECTURE,Hin,Vrindavan,Hindi,https://drive.google.com/uc?export=download&id=15hMx5cgSBK34ZPBku57Yv8WQSAUk-lLT
49,Janmastami,Hin_Janmastami_lecture_ISKCON_Angul-15-08-25.mp3,15-08-25,2025,LECTURE,Hin,Angul,Hindi,https://drive.google.com/uc?export=download&id=1XRpnTwETKnLpSgiyBJCcNtuy8rKx6BHr
50,Krutishree,Hin_Krutishree_Krishna_ka_bhakt_bane_Vrindavan_21-07-25.mp3,21-07-25,2025,LECTURE,Hin,Vrindavan,Hindi,https://drive.google.com/uc?export=download&id=1leElja_2AdAcb9753dBRK-39yjVXt1Nz
51,BG-08.08,Hin_BG-08.08_Bhagavan_Krishna_ko_prapt_karneka_upaya_ISKCON_Vrindavan_17-07-25.mp3,17-07-25,2025,LECTURE,Hin,Vrindavan,Hindi,https://drive.google.com/uc?export=download&id=1GEuhEbNU5u61fRMBrQOZkwklw_iYIGod
52,Mahaprabhu,Hin_Mahaprabhu_ka_Jharikhand_se_ho_kar_Vrindavan_yatra_ISKCON_Ramgarh-13-08-25.mp3,13-08-25,2025,LECTURE,Hin,Vrindavan,Hindi,https://drive.google.com/uc?export=download&id=1W2jnfaV6wTll0xFGqFWNkneEdgaXlcGE
53,Janmastami,Hin_Janmastami_special_Bhagavatam_class-part-4_ISKCON_Ranchi-13-08-25.mp3,13-08-25,2025,LECTURE,Hin,Unknown,Hindi,https://drive.google.com/uc?export=download&id=1QzxFHsM6-mmBb9mepFqqSzB0FhHKfEew
54,Janmastami,Hin_Janmastami_special_Bhagavatam_class-part-3_ISKCON_Ranchi-13-08-25.mp3,13-08-25,2025,LECTURE,Hin,Unknown,Hindi,https://drive.google.com/uc?export=download&id=1gih7LPDY8C6f6Oz598W6w_ZT7ajrf1c-
55,Janmastami,Hin_Janmastami_special_Bhagavatam_class-part-2_ISKCON_Ranchi-12-08-25.mp3,12-08-25,2025,LECTURE,Hin,Unknown,Hindi,https://drive.google.com/uc?export=download&id=1qZV6GrCYf4GHEaVJp10Zt8mo26YiYHiF
56,Janmastami,Hin_Janmastami_special_Bhagavatam_class-part-1_ISKCON_Ranchi-12-08-25.mp3,12-08-25,2025,LECTURE,Hin,Unknown,Hindi,https://drive.google.com/uc?export=download&id=1cIbgBCCbqNj6Pzv4x1E6Sj4W_wrJ-ryg
57,Janmastami,Hin_Janmastami_lecture_ISKCON_Angul-30-08-21.mp3,30-08-21,2021,LECTURE,Hin,Angul,Hindi,https://drive.google.com/uc?export=download&id=1gVi0RjJSk6lqWcrO4hgeqUGcqW3Txi2a
58,Devtaon,Hin_Devtaon_dvara_garbha_stuti_location_unknown-09-07-09.mp3,09-07-09,2009,LECTURE,Hin,Unknown,Hindi,https://drive.google.com/uc?export=download&id=1fOlM6eT6scUQt0pvDy0rC0I-jall2yry
59,Devaki,Hin_Devaki_ke_garbha_mai_Bhagavan_location_unknwon-08-07-09.mp3,08-07-09,2009,LECTURE,Hin,Unknown,Hindi,https://drive.google.com/uc?export=download&id=1VxtUsDk2gl30jWCeq7TK5mwJv1LZupXN
60,BG-15.06,Hin_BG-15.06_Adhyatmik_jagat_ka_varnan_ISKCON_Vrindavan_14-08-18.mp3,14-08-18,2018,LECTURE,Hin,Vrindavan,Hindi,https://drive.google.com/uc?export=download&id=1yuT6u6YjyZmym63dZKnK0GGnJZW9oMub
61,Rupa,Hin_Rupa_Gosvami_tirobhav_tithi_ISKCON_Vrindavan_12-08-18.mp3,12-08-18,2018,LECTURE,Hin,Vrindavan,Hindi,https://drive.google.com/uc?export=download&id=1u5sSWMHY397n-yelLRHYCk0BZCPlePbV
62,Pitru,Hin_Pitru_purushon_ka_uddhar_Odia_abash_colony_Surat_23-09-19.mp3,23-09-19,2019,LECTURE,Hin,Unknown,Hindi,https://drive.google.com/uc?export=download&id=1pSv3HcyRNIMDxjdFhFinbQan0kCNlLlc
63,Dhruv,Hin_Dhruv_charit-Day-4_Surat_22-09-19.mp3,22-09-19,2019,SEMINAR,Hin,Unknown,Hindi,https://drive.google.com/uc?export=download&id=12UgsiYA5OcmEzqjXiTsoW-AQuquCBSyz
64,Dhruv,Hin_Dhruv_charit-Day-3_Surat_21-09-19.mp3,21-09-19,2019,SEMINAR,Hin,Unknown,Hindi,https://drive.google.com/uc?export=download&id=1UG3YxouMZRdGpn6-wWkSZJGNxpsDd2Ge
65,Dhruv,Hin_Dhruv_charit-Day-2_Surat_20-09-19.mp3,20-09-19,2019,SEMINAR,Hin,Unknown,Hindi,https://drive.google.com/uc?export=download&id=1Oglwtm1Lvdv_zyuLy2hBQLjmTG8bEgoB
66,Dhruv,Hin_Dhruv_charit-Day-1_Surat_19-09-19.mp3,19-09-19,2019,SEMINAR,Hin,Unknown,Hindi,https://drive.google.com/uc?export=download&id=13IEWkz8ieS8gw-llkRfP90J7zhMtu2K0
67,BG-08.14,Hin_BG-08.14_Suddha_bhakti_ISKCON_Vrindavan_26-07-25.mp3,26-07-25,2025,LECTURE,Hin,Vrindavan,Hindi,https://drive.google.com/uc?export=download&id=1f_WaxlRPd4zAKowWfC9xwgK6w-tjlBJA
68,Bhandira,Hin_Bhandira_van_Man_sarovar_VamsiVat_Vrindavan_14-07-25.mp3,14-07-25,2025,LECTURE,Hin,Vrindavan,Hindi,https://drive.google.com/uc?export=download&id=1fNs8SVoLdf8OitsV6AVYj2JoAm1RuR1h
69,SB-11.23.23,Hin_SB-11.23.23_Sahisnu_kaise_bane_ISKCON_Surat-29-06-25.mp3,29-06-25,2025,SB,Hin,Unknown,Hindi,https://drive.google.com/uc?export=download&id=1a7YwHxMTrD3BztLBvWP64LU8z9bioz5Y
70,Jei,Hin_Jei_Gaura_sei_Krishna_sei_Jagannath_Surat_29-06-25.mp3,29-06-25,2025,LECTURE,Hin,Unknown,Hindi,https://drive.google.com/uc?export=download&id=1yigE70-CDERrkSmU4IcJev-RnK0V6By3
71,Jagannath,Hin_Jagannath_katha_Surat_26-06-25.mp3,26-06-25,2025,LECTURE,Hin,Unknown,Hindi,https://drive.google.com/uc?export=download&id=1O5-yDxiWuIxg8jXgEG3zcEpikCDxWuaj
72,BG-5.29,Hin_BG-5.29_Shanti_prapt_karne_ka_upaya_Surat_28-06-25.mp3,28-06-25,2025,LECTURE,Hin,Unknown,Hindi,https://drive.google.com/uc?export=download&id=1PkySkCAbNfxT5OCTPm5io1-ZkEz62hQZ
73,SB-01.08.01,Hin_SB-01.08.01_Maharaj_Parikshit_ka_uddhar_ISKCON_Surat_28-06-25.mp3,28-06-25,2025,SB,Hin,Unknown,Hindi,https://drive.google.com/uc?export=download&id=19RmBGKZSNaKWXFLihro0qsWIEVgB3Vai
74,Rath,Hin_Rath_yatra_lecture_ISKCON_Surat_27-06-25.mp3,27-06-25,2025,LECTURE,Hin,Unknown,Hindi,https://drive.google.com/uc?export=download&id=1GjQtD3mWh88Ox30WMf-B9kP4owqWDYXm
75,SB-10.80.41,Hin_SB-10.80.41_Sat_sishya_ka_kartavya_Vrindavan_12-07-25.mp3,12-07-25,2025,SB,Hin,Vrindavan,Hindi,https://drive.google.com/uc?export=download&id=1J7Vp8aCDTsBDkc8jBz5u1brHRMSc_5M0
76,Rath,Hin_Rath_ke_samne_Sri_Chaitanya_mahaprabhu_ka_nritya-Day-2_Vrindavan_24-06-17.mp3,24-06-17,2017,SEMINAR,Hin,Vrindavan,Hindi,https://drive.google.com/uc?export=download&id=1jYkqOSxyTGn45SvRk6VPtKHDzaKgEv2s
77,Saranagati,Hin_Saranagati_Sunday_feast_lect_ISKCON_ANGUL_01-06-25.mp3,01-06-25,2025,LECTURE,Hin,Angul,Hindi,https://drive.google.com/uc?export=download&id=1LtroLVLmtWco2TJnI43aJ8t61vS0S2rR
78,Purushottam,Hin_Purushottam_khetra_Day-3_ISKCON_Angul_15-07-21.mp3,15-07-21,2021,SEMINAR,Hin,Angul,Hindi,https://drive.google.com/uc?export=download&id=12A04cVKoQM2m5snxtq36I2tjIhTmquhY
79,Purushottam,Hin_Purushottam_khetra_Day-2_ISKCON_Angul_14-07-21.mp3,14-07-21,2021,SEMINAR,Hin,Angul,Hindi,https://drive.google.com/uc?export=download&id=1Sj-Q2v_kH8STnOLhMe2d7flj1519j5Y0
80,Purushottam,Hin_Purushottam_khetra_Day-1_ISKCON_Angul_13-07-21.mp3,13-07-21,2021,SEMINAR,Hin,Angul,Hindi,https://drive.google.com/uc?export=download&id=1gRvy1AuazH41ZieXDUYa5a-Iu94Irb-A
81,Gokul,Hin_Gokul_leela_84_kosh_parikrama_Vrindavan_15-06-21.mp3,15-06-21,2021,LECTURE,Hin,Vrindavan,Hindi,https://drive.google.com/uc?export=download&id=1dPQKIZOg5-3VrdDq94eMJxsV1fsYcO23
82,Q&A,Hin_Q&A_with_Bhakti_Vriksha_devs_ISKCON_Jaipur_08-02-23.mp3,08-02-23,2023,LECTURE,Hin,Unknown,Hindi,https://drive.google.com/uc?export=download&id=1MLSZdRtD04bi8edxzIhBzXqXlI0WlYfp
83,Sri,Hin_Sri_Madanmohan_bhagavan_ki_lila_Karoli_17-02-25.mp3,17-02-25,2025,LECTURE,Hin,Unknown,Hindi,https://drive.google.com/uc?export=download&id=1O87ER3cqxz9u5QLUic6Htb087JWJW4RU
84,manushya,Hin_manushya_janam_ko_saphal_banaye_Vrindavan_31-03-25.mp3,31-03-25,2025,LECTURE,Hin,Vrindavan,Hindi,https://drive.google.com/uc?export=download&id=1zOKdfykO31dePkZ_x_21Lcan6uaF0tEi
85,SB-07.14.17,Hin_SB-07.14.17_Adarsh_parivarik_jivan-Day-3-ISKCON_Rampally_03-07-22.mp3,03-07-22,2022,SB,Hin,Unknown,Hindi,https://drive.google.com/uc?export=download&id=1mCJbmkoZCXJ29ji8vZtc7u_UPY-q9rvC
86,SB-07.14.03-04,Hin_SB-07.14.03-04_Adarsh_parivarik_jivan-Day-2-ISKCON_Rampally_02-07-22.mp3,02-07-22,2022,SB,Hin,Unknown,Hindi,https://drive.google.com/uc?export=download&id=1SGVGa-UvDOVH8Dq-ex3Qc7To9y_GQhoT
87,SB-07.14.02,Hin_SB-07.14.02_Adarsh_parivarik_jivan-Day-1-ISKCON_Rampally_01-07-22.mp3,01-07-22,2022,SB,Hin,Unknown,Hindi,https://drive.google.com/uc?export=download&id=1gR5fnlxwNaRM6MJd7YKb2ZAFiq47tZDB
88,SB-10.14.08,Hin_SB-10.14.08_Kounsa_vyakti_mukti_pad_ka_adhikari_Hyderabad_01-12-24.mp3,01-12-24,2024,SB,Hin,Hyderabad,Hindi,https://drive.google.com/uc?export=download&id=1HkowPMwnzVx1D8gfhMSKHaADziw-l-6L
89,Rupa,Hin_Rupa_Gosvami_tirobhav_tithi_ISKCON_Vrindavan_15-08-16.mp3,15-08-16,2016,LECTURE,Hin,Vrindavan,Hindi,https://drive.google.com/uc?export=download&id=1aKNMtuGKNHZ0_zFHEaSLVsSI8YmLPxJc
90,SB-11.02.48,Hin_SB-11.02.48_Uttam_bhakt_ke_atirikta_lakshan_ISKCON_Kolkata_New_Town_16-04-25.mp3,16-04-25,2025,SB,Hin,Unknown,Hindi,https://drive.google.com/uc?export=download&id=1RCNUIEAmv3s7r8xHMWoZ6yH_cOzTEWPp
91,Sakhigopal,Hin_Sakhigopal_katha-Day-2_ISKCON_KOLKATA_DUMDUM_15-04-25.mp3,15-04-25,2025,SEMINAR,Hin,Unknown,Hindi,https://drive.google.com/uc?export=download&id=1_MQCZoIplCO5e1sjszeuij-iBoLE5Tqu
92,Srastha,Hin_Srastha_koun_hai_ISKCON_Kolkata_Dumdum_16-04-25.mp3,16-04-25,2025,LECTURE,Hin,Unknown,Hindi,https://drive.google.com/uc?export=download&id=1sRq4eMb5iVhiGx1Ixvsujc1_CiehDY9B
93,Sakhigopal,Hin_Sakhigopal_katha-Day-1_ISKCON_KOLKATA_DUMDUM_14-04-25.mp3,14-04-25,2025,SEMINAR,Hin,Unknown,Hindi,https://drive.google.com/uc?export=download&id=1VJDSU9_R6UVPnOySMpudJDZT_StDucrE
94,Gour,Hin_Gour_lila_ISKCON_Mayapur_13-04-25.mp3,13-04-25,2025,LECTURE,Hin,Unknown,Hindi,https://drive.google.com/uc?export=download&id=1S6HNKb9JhTF5Z05x8bQIzRVejlFYkmDL
95,Bhautik,Hin_Bhautik_srusti_prarambh_ka_varnan_ISKCON_Vrindavan_10-10-2014.mp3,10-10-2014,2014,LECTURE,Hin,Vrindavan,Hindi,https://drive.google.com/uc?export=download&id=1boXvyVbzNbBd8nY1HJuKRSTZLicQ6dXP
96,Ratha,Hin_Ratha_yatra_lect_location_unknown_15-6-12.mp3,Unknown,Unknown,LECTURE,Hin,Unknown,Hindi,https://drive.google.com/uc?export=download&id=1Mpsa2mw6oW1wa7Bxlju2IHc8rxxd_Req
97,BG-05.01-karma,Hin_BG-05.01-karma_tyag_ka_siddhant_ISKCON_Surat_22-09-19.mp3,22-09-19,2019,LECTURE,Hin,Unknown,Hindi,https://drive.google.com/uc?export=download&id=10YeC4emyHKBTx5-Z2_0fitfTR__WijYc
98,Dhruv,Hin_Dhruv_maharaj_ki_mahima_ISKCON_Vrindavan_10-2-14.mp3,Unknown,Unknown,LECTURE,Hin,Vrindavan,Hindi,https://drive.google.com/uc?export=download&id=1V1f9_r7dIYevp81XLEUHpM28lEUhVRh2
99,Sri,Hin_Sri_Ram_katha-Day-2_ISKCON_Angul_07-04-22.mp3,07-04-22,2022,SEMINAR,Hin,Angul,Hindi,https://drive.google.com/uc?export=download&id=1ulFtoLtg6SSzFdtlwXeOZg9GdWimnlv0
100,Sri,Hin_Sri_Ram_katha-Day-1_ISKCON_Angul_06-04-22.mp3,06-04-22,2022,SEMINAR,Hin,Angul,Hindi,https://drive.google.com/uc?export=download&id=1B9FaUewRgeNyxcPDe96UaNJGLYvg8R6Z
101,Gour,Hin_Gour_nitai_Padayatra_in_Aska_odisha_22-04-22.mp3,22-04-22,2022,LECTURE,Hin,Unknown,Hindi,https://drive.google.com/uc?export=download&id=1ie4euNA8o8G5vw9J0x01H7AX5MzzGxaC
102,SB-09.20.22,Hin_SB-09.20.22_Maharaj_Dusmanta_receives_Shakuntala_ISKCON_Vrindavan_12-0-25.mp3,Unknown,Unknown,SB,Hin,Vrindavan,Hindi,https://drive.google.com/uc?export=download&id=1B1-1fxlkv9nWPZusoWYc9vNJi_J2x7SY
103,SB-09.19.25,Hin_SB-09.19.25_Maharaj_jajati_ke_acharan_ISKCON_Vrindavan_17-02-25.mp3,17-02-25,2025,SB,Hin,Vrindavan,Hindi,https://drive.google.com/uc?export=download&id=1sXFfpgGbvEo3m9Zcln8gHQMLyhMfOr6-
104,SB-10.08.04,Hin_SB-10.08.04_Vrindavan_leela_Vrindavan_17-02-25.mp3,17-02-25,2025,SB,Hin,Vrindavan,Hindi,https://drive.google.com/uc?export=download&id=10lc1kFNwBcUI7-7qguyGIh-Bk14OfDTQ
105,SB-11.05.32,Hin_SB-11.05.32_Kaliyug_ke_avatar_ISKCON_GURUKUL_Vrindavan_10-03-25.mp3,10-03-25,2025,SB,Hin,Vrindavan,Hindi,https://drive.google.com/uc?export=download&id=1c_yUPL8CYofvUfGndnwvGptVONcf8GIW
106,Nityanda,Hin_Nityanda_Trayodashi_ISKCON_Vrindavan_10-02-25.mp3,10-02-25,2025,LECTURE,Hin,Vrindavan,Hindi,https://drive.google.com/uc?export=download&id=1axEfDgpH_1Js1galIq7fgOuS69gzxCQJ
107,Madhavendra,Hin_Madhavendra_puri_disappearance_ISKCON_Rukmini_vihar_Vrn_11-03-25.mp3,11-03-25,2025,LECTURE,Hin,Puri,Hindi,https://drive.google.com/uc?export=download&id=1Fa18ph7_7jqeEWCYO6qZi6I33KLtoILz
108,Gour,Hin_Gour_Purnima_festival_ISKCON_Vrindavan_14-03-25.mp3,14-03-25,2025,LECTURE,Hin,Vrindavan,Hindi,https://drive.google.com/uc?export=download&id=1S5gvzCz7CLRcc3t1B-cI39xyNhtAq04f
109,Nityananda,Hin_Nityananda_trayodashi_ISKCON-Agra_09-02-25.mp3,09-02-25,2025,LECTURE,Hin,Unknown,Hindi,https://drive.google.com/uc?export=download&id=11zB0kFUHYfwnumPPmqUybiYNbFVbEYpl
110,Krishna,Hin_Krishna_Sudama_milan-Day-3_Angul_29-12-24.mp3,29-12-24,2024,SEMINAR,Hin,Angul,Hindi,https://drive.google.com/uc?export=download&id=1EJo-kX4CtMDQp-71aRVCviVhLXciFu33
111,Krishna,Hin_Krishna_Sudama_milan-Day-2_Angul_28-12-24.mp3,28-12-24,2024,SEMINAR,Hin,Angul,Hindi,https://drive.google.com/uc?export=download&id=1DDUpQsU7FYBqRkWYFvpaBEO2J2fx6oGB
112,Krishna,Hin_Krishna_Sudama_milan-Day-1_Angul_27-12-24.mp3,27-12-24,2024,SEMINAR,Hin,Angul,Hindi,https://drive.google.com/uc?export=download&id=1GL9xEJV-s9Wwsp_nGtfM1uREbv1VVIa1
113,BG-01.24,Hin_BG-01.24_Bhagavan_Krishna_Arjun_ka_adesh_palan_karte_hue_ISKCON_Vrindavan_31-07-24.mp3,31-07-24,2024,LECTURE,Hin,Vrindavan,Hindi,https://drive.google.com/uc?export=download&id=1bVIyzeoJWpCA4MIU8gvAX79m2J80RaA8
114,Durlabh,Hin_Durlabh_manusya_janma_ko_sarthak_kare-Sunday_feast-Hyderabad_01-12-24.mp3,01-12-24,2024,LECTURE,Hin,Hyderabad,Hindi,https://drive.google.com/uc?export=download&id=1O14UPViZ-5Ci5dfi2UGMkivZcYGu7JW8
115,Sri,Hin_Sri_Jagannath_katha_Hyderabad_29-11-24.mp3,29-11-24,2024,LECTURE,Hin,Hyderabad,Hindi,https://drive.google.com/uc?export=download&id=19IPx_sWK-WvUeOVIhlLBdeuh38q2qoAn
116,SB-10.08.04,Hin_SB-10.08.04_Grihast_jivan_ki_sthiti_Hyderabad_28-11-24.mp3,28-11-24,2024,SB,Hin,Hyderabad,Hindi,https://drive.google.com/uc?export=download&id=1gS3FgNXqCyIh_UpCEUYgAA8udYI7xxjF
117,Brahmachari,Hin_Brahmachari_class_ISKCON_Jaipur_10-11-23.mp3,10-11-23,2023,LECTURE,Hin,Unknown,Hindi,https://drive.google.com/uc?export=download&id=1WjMvY-NT1Pojo6mi2jF9mhLlciStfHOG
118,SB-6.09.12-21,Hin_SB-6.09.12-21_Vritrasur_ka_avirbhav_ISKCON_Vrindavan-09-11-19.mp3,09-11-19,2019,SB,Hin,Vrindavan,Hindi,https://drive.google.com/uc?export=download&id=1hk6F7--TWC7GvhklqZvIHazrCMyN5y3q
119,Sri,Hin_Sri_Chaitanya_mahaprabhu_ka_Vrindavan_yatra_10-02-07.mp3,10-02-07,2007,LECTURE,Hin,Vrindavan,Hindi,https://drive.google.com/uc?export=download&id=13JgzIp_tnSwYphgZLDOFtqgTNFCWWsmC
120,SB-04.08.23,Hin_SB-04.08.23_Mata_Suniti_ki_bhagavat_upadesh_ISKCON_Jaipur_13-10-24.mp3,13-10-24,2024,SB,Hin,Unknown,Hindi,https://drive.google.com/uc?export=download&id=1wv_b609PwvD9ON6ivHRjQC7v7ncVpFDs
121,SB-07.09.28,Hin_SB-07.09.28_Apne_Guru_ke_seva_hi_jivan_ka_lakshya_Jaipur_13-10-24.mp3,13-10-24,2024,SB,Hin,Unknown,Hindi,https://drive.google.com/uc?export=download&id=1XRdPLqNgWXpXHqQYXBkColXbl63RTMlD
122,Sri,Hin_Sri_Jagannath_Abhishek_katha_House_program_Agra-17-10-24.mp3,17-10-24,2024,LECTURE,Hin,Unknown,Hindi,https://drive.google.com/uc?export=download&id=1DkpO1VbFSUqDqqCSJ-vHQZmdMk20KlfV
123,Bhagavan,Hin_Bhagavan_Vamandev_aur_Bali_maharaj_ki_katha-Day-1_ISKCON_JAIPUR-26-09-2021.mp3,26-09-2021,2021,SEMINAR,Hin,Unknown,Hindi,https://drive.google.com/uc?export=download&id=181bP3OJQtYidZKzx71hCSxitxpz16f5u
124,Srila,Hin_Srila_Gopal_Bhatta_Gosvami-Day-3_ISKCON_Vrindavan-31-10-24.mp3,31-10-24,2024,SEMINAR,Hin,Vrindavan,Hindi,https://drive.google.com/uc?export=download&id=1-pNY4Churm7GevBSlF9o7vk2LAf2abSV
125,Govardhan,Hin_Govardhan_lila_Puri_16-11-20.mp3,16-11-20,2020,LECTURE,Hin,Puri,Hindi,https://drive.google.com/uc?export=download&id=1nJmlXic1zZoAZH_fV7T3v-ki1QtLp9ST
126,Srila,Hin_Srila_Gopal_Bhatta_Gosvami-Day-2_ISKCON_Vrindavan-30-10-24.mp3,30-10-24,2024,SEMINAR,Hin,Vrindavan,Hindi,https://drive.google.com/uc?export=download&id=1805vutKUuZ1ZvRo6GAzkkG00ptWlylgT
127,Srila,Hin_Srila_Gopal_Bhatta_Gosvami-Day-1_ISKCON_Vrindavan-29-10-24.mp3,29-10-24,2024,SEMINAR,Hin,Vrindavan,Hindi,https://drive.google.com/uc?export=download&id=10eL1-v9St7yZSzyGp2DYUsh8895RjBxr
128,Srimati,Hin_Srimati_Gangamata_goswami_ka_avirbhav-ISKCON-Punjabi_Bagh-22-06-2018.mp3,22-06-2018,2018,LECTURE,Hin,Unknown,Hindi,https://drive.google.com/uc?export=download&id=1IVT_tLsOAdNx4haaDhJcBZVBVpw8b5Jv
129,BG-14.26,Hin_BG-14.26_prakriti_ke_tin_gun_House_program_Vrindavan-15-10-24.mp3,15-10-24,2024,LECTURE,Hin,Vrindavan,Hindi,https://drive.google.com/uc?export=download&id=1iW3QsiumYUaq4KxBPXJGVmIMNyx6_FcU
130,SB-07.09.32,Hin_SB-07.09.32_Prahlad_maharaj_ki_prarthana_ISKCON_Jaipur_14-10-24.mp3,14-10-24,2024,SB,Hin,Unknown,Hindi,https://drive.google.com/uc?export=download&id=1SrK6knWTFM1ppwy5KgZeTUe0rdfhbwFO
131,SB-06.01.21,Hin_SB-06.01.21_Hari_naam_ki_mahima_ISKCON-Vrindavan_10-03-19.mp3,10-03-19,2019,SB,Hin,Vrindavan,Hindi,https://drive.google.com/uc?export=download&id=1kyhEbQKqRLAZQLLYEPMwkBUyqJWwZA7p
132,Siksastakam,Hin_Siksastakam_parthana_ISKCON-Jaipur_12-10-24.mp3,12-10-24,2024,LECTURE,Hin,Unknown,Hindi,https://drive.google.com/uc?export=download&id=1PaicyKFOle3Hu10QhhRMHVifd2dcUoTd
133,BG-09.14,Hin_BG-09.14_Mahatma_ke_lakshan_Chamu_Rajasthan_11-10-24.mp3,11-10-24,2024,LECTURE,Hin,Unknown,Hindi,https://drive.google.com/uc?export=download&id=1tindxYgBXbwq-nn4bvcybmcvfGAOH863
134,Prayagraj,Hin_Prayagraj_dham_mahima_Prayagraj_05-10-24.mp3,05-10-24,2024,LECTURE,Hin,Unknown,Hindi,https://drive.google.com/uc?export=download&id=1zYfWNcGo5fRitDyy0NxzB0j_SLODSMu5
135,SB-01.19.13,Hin_SB-01.19.13_Maharaj_Parikhit_apne_ap_ko_kritarth_man_rahe_hain_ISKCON_Prayagraj_04-10-24.mp3,04-10-24,2024,SB,Hin,Unknown,Hindi,https://drive.google.com/uc?export=download&id=1WvsTYkFEcq8WLKvErWHfPmVTxa69tQvh
136,BG-02.36-38,Hin_BG-02.36-38_Yuddh_karne_ke_liye_bhagavan_Sri_Krishna_ka_Arjun_ko_prerit_karna_ISKCON_Vrindavan_03-10-24.mp3,03-10-24,2024,LECTURE,Hin,Vrindavan,Hindi,https://drive.google.com/uc?export=download&id=1zbjYJo7A-IxD1pYNot3ppzphUZAAWtIR
137,SB-06.07.39-40,Hin_SB-06.07.39-40_Viswarup_ke_dvara_asuron_ke_aisvarya_ko_devtayon_ko_pradan_ISKCON-Vrindavan_8-10-19.mp3,Unknown,Unknown,SB,Hin,Vrindavan,Hindi,https://drive.google.com/uc?export=download&id=1yJTRk5ADBaxRxYPJenxOG_P4eJPNYCs5
138,SB-07.15.66,Hin_SB-07.15.66_Narad_muni_ka_manav_samaj_ko_upadesh_ISKCON_Juhu_05-03-17.mp3,05-03-17,2017,SB,Hin,Unknown,Hindi,https://drive.google.com/uc?export=download&id=1TJQLxRssQHbu_AKsIWwf67dQDEV9NGPE
139,SB-04.27.12,Hin_SB-04.27.12_Puranjan_ki_avastha_ISKCON-Vrindavan_11-09-16.mp3,11-09-16,2016,SB,Hin,Vrindavan,Hindi,https://drive.google.com/uc?export=download&id=1_88wp3o-t2DLs1KjVuMjldgv5zJzKSf-
140,SB-09.04.41-44,Hin_SB-09.04.41-44_Maharaj_Ambarisha_ko_Durvasa_muni_ka_abhishap_ISKCON-Punjabibagh_27-10-2017.mp3,27-10-2017,2017,SB,Hin,Unknown,Hindi,https://drive.google.com/uc?export=download&id=1TZkc98qqrRnvR-obH0QmBx1fXmotkM8F
141,SB-12.12.52,Hin_SB-12.12.52_Srimad_Bhagavat_ki_mahima_Hyderabad_10-02-19.mp3,10-02-19,2019,SB,Hin,Hyderabad,Hindi,https://drive.google.com/uc?export=download&id=1mYDAcftZWn6PI3nQ2UH8qx1eq3-aoEtE
142,SB-05.03.11,Hin_SB-05.03.11_Sansar_sangharsha_ISKCON_Vrindavan_23-05-18.mp3,23-05-18,2018,SB,Hin,Vrindavan,Hindi,https://drive.google.com/uc?export=download&id=1RrdjLqxaJ2NNsFx8qYL9mnni8WO7f8kZ
143,CC-Madhya.19.163-201,Hin_CC-Madhya.19.163-201_BBSR_01-04-20.mp3,01-04-20,2020,LECTURE,Hin,Unknown,Hindi,https://drive.google.com/uc?export=download&id=1t1YfPPBX4CkB8j-2zosaUHZvmCzc79xn
144,Sri,Hin_Sri_Chaitanya_mahaprabhu_ka_rath_yatra_lila-Day-3_Surat_22-09-19.mp3,22-09-19,2019,SEMINAR,Hin,Unknown,Hindi,https://drive.google.com/uc?export=download&id=1hVke8EKAaVnRe-Hde97c3LmwB3Zyamwa
145,Sri,Hin_Sri_Chaitanya_mahaprabhu_ka_rath_yatra_lila-Day-2_Surat_21-09-19.mp3,21-09-19,2019,SEMINAR,Hin,Unknown,Hindi,https://drive.google.com/uc?export=download&id=1IR6w-K0ENMzksBrA-CmF9daK1IRRcra0
146,Sri,Hin_Sri_Chaitanya_mahaprabhu_ka_rath_yatra_lila-Day-1_Surat_20-09-19.mp3,20-09-19,2019,SEMINAR,Hin,Unknown,Hindi,https://drive.google.com/uc?export=download&id=1ubJvrSQZxcvUfK9T40biD2DuRuX3KQGa
147,SB-01.05.18,Hin_SB-01.05.18_Narad_dwara_Vyasadev_ko_Srimad_Bhagavat_ka_upadesh_ISKCON_Rukmini_vihar_Vrn_01-10-24.mp3,01-10-24,2024,SB,Hin,Unknown,Hindi,https://drive.google.com/uc?export=download&id=1BBMJWH5KV3X9FRvqNRvDJ9UugkmCmGqz
148,CC-Adi.03.58,Hin_CC-Adi.03.58_Sri_Chaitanya_mahaprabhu_ka_avirbhav_ka_chautha_karana_ISKCON_Vrindavan_24-09-24.mp3,24-09-24,2024,LECTURE,Hin,Vrindavan,Hindi,https://drive.google.com/uc?export=download&id=16cAwwcah2zWbnSdaBN_mPloiSpV25cZ7
149,Sri,Hin_Sri_Chaitanya_Mahaprabhu_ka_pasu_pakshiyon_ko_Harinam_pradan_karna_Vrindavan_10-05-2007.mp3,10-05-2007,2007,LECTURE,Hin,Vrindavan,Hindi,https://drive.google.com/uc?export=download&id=1-es3Yw1_ujONzFljrLDPh-v1HbtARJgm
150,Rath,Hin_Rath_ke_samne_Sri_Chaitanya_mahaprabhu_ka_nritya-Day-1_Vrindavan_23-06-17.mp3,23-06-17,2017,SEMINAR,Hin,Vrindavan,Hindi,https://drive.google.com/uc?export=download&id=1oRaSCi4K2VOojag_iG1kDiruvFkLV1FU
151,Nilachal,Hin_Nilachal_dham_mai_Chaitanya_mahaprabhu_Vrindavan_17-04-2016.mp3,17-04-2016,2016,LECTURE,Hin,Vrindavan,Hindi,https://drive.google.com/uc?export=download&id=11BaHroklrpluD3GxJnNsyyjQ8Vo1NVc8
152,Dhruv,Hin_Dhruv_maharaj_ki_katha-Day-7-ISKCON-JUHU_16-09-12.mp3,16-09-12,2012,SEMINAR,Hin,Unknown,Hindi,https://drive.google.com/uc?export=download&id=1GAuIdBx-INnAXSdrb740UoFsenkhMBEz
153,Dhruv,Hin_Dhruv_maharaj_ki_katha-Day-6-ISKCON-JUHU_15-09-12.mp3,15-09-12,2012,SEMINAR,Hin,Unknown,Hindi,https://drive.google.com/uc?export=download&id=1O3EyUEIMBEovUNfhDjd3wjgP2VHhbSlX
154,Dhruv,Hin_Dhruv_maharaj_ki_katha-Day-5-ISKCON-JUHU_14-09-12.mp3,14-09-12,2012,SEMINAR,Hin,Unknown,Hindi,https://drive.google.com/uc?export=download&id=1ri2KhQZNV5toj3blJwQUu32_kMxbXIGz
155,Dhruv,Hin_Dhruv_maharaj_ki_katha-Day-4-ISKCON-JUHU_13-09-12.mp3,13-09-12,2012,SEMINAR,Hin,Unknown,Hindi,https://drive.google.com/uc?export=download&id=16mYtdTyR7TXnfCSP1HESF4QqQgiW0c57
156,Dhruv,Hin_Dhruv_maharaj_ki_katha-Day-3-ISKCON-JUHU_12-09-12.mp3,12-09-12,2012,SEMINAR,Hin,Unknown,Hindi,https://drive.google.com/uc?export=download&id=1emjaiEO7q0vx3eHdj_sQbxTZVmlMqglM
157,Srila,Hin_Srila_Prabhupada_ka_sannyas_ISKCON_Vrindavan_06-09-17.mp3,06-09-17,2017,LECTURE,Hin,Vrindavan,Hindi,https://drive.google.com/uc?export=download&id=1mxE4kh4AGxHXFsGhOgMaFIEfhQEzTb34
158,Dhruv,Hin_Dhruv_maharaj_ki_katha-Day-2_ISKCON-JUHU_11-09-12.mp3,11-09-12,2012,SEMINAR,Hin,Unknown,Hindi,https://drive.google.com/uc?export=download&id=1Gr99jQsElS0wPtcgCM573CcJyQ4-aATI
159,Radhastami,Hin_Radhastami_lecture_ISKCON_Vrindavan_11-09-24.mp3,11-09-24,2024,LECTURE,Hin,Vrindavan,Hindi,https://drive.google.com/uc?export=download&id=1fyC9rRX0ZIQSxNArdD5C2vruXxugYid7
160,Dhruv,Hin_Dhruv_maharaj_ki_katha-Day-1_ISKCON-JUHU_10-09-12.mp3,10-09-12,2012,SEMINAR,Hin,Unknown,Hindi,https://drive.google.com/uc?export=download&id=11yfCFl2BtW0PGe-IUmuMwWjfyppFm8xq
161,Mahaprasad,Hin_Mahaprasad_ki_mahima_Puri_08-07-11.mp3,08-07-11,2011,LECTURE,Hin,Puri,Hindi,https://drive.google.com/uc?export=download&id=1-FQWVq0TnbyGv_1qYmWGiSC-GvMZ0dQp
162,Srila,Hin_Srila_Haridas_thakur_tirobhav_katha_ISKCON_Vrindavan_date_unknown.mp3,Unknown,Unknown,LECTURE,Hin,Vrindavan,Hindi,https://drive.google.com/uc?export=download&id=1bJxs63PJn5ur_uEBZHrIbqwc4B8R-_u3
163,SB-10.20.39,Hin_SB-10.20.39_Vrindavan_mai_sarat_ritu_ISKCON_Vrindavan_11-04-20.mp3,11-04-20,2020,SB,Hin,Vrindavan,Hindi,https://drive.google.com/uc?export=download&id=1jwT0DyJX0H91Zlg2NG2Cy8OrejP7KiPK
164,Srimati,Hin_Srimati_Radharani_ka_abirbhav-Day-03_ISKCON_Angul_26-08-20.mp3,26-08-20,2020,SEMINAR,Hin,Angul,Hindi,https://drive.google.com/uc?export=download&id=1EIt53CZU4LQ_BVfOqIhIqee2-Ppr4j73
165,Srimati,Hin_Srimati_Radharani_ka_abirbhav-Day-02_ISKCON_Angul_25-08-20.mp3,25-08-20,2020,SEMINAR,Hin,Angul,Hindi,https://drive.google.com/uc?export=download&id=1Czz3QEj4N2GbNyV4ea2LLz08HWPVNerp
166,Srimati,Hin_Srimati_Radharani_ka_abirbhav-Day-01_ISKCON_Angul_24-08-20.mp3,24-08-20,2020,SEMINAR,Hin,Angul,Hindi,https://drive.google.com/uc?export=download&id=1tmPMMst8jVjXmm2CXabdsCtfeHj3uNBl
167,SB-11.14.20,Hin_SB-11.14.20_Bhagavan_Krishna_ko_vasibhut_karne_ka_upaya-ISKCON_Angul_10-3-21.mp3,Unknown,Unknown,SB,Hin,Angul,Hindi,https://drive.google.com/uc?export=download&id=14WGjFU3_U4J4-aBcIGcrym5GdHp_yzKx
168,SB-06.05.42,Hin_SB-06.05.42_Prajapati_daksha_ka_Narad_muni_ko_avishap_ISKCON_Vrindavan_19-09-17.mp3,19-09-17,2017,SB,Hin,Vrindavan,Hindi,https://drive.google.com/uc?export=download&id=1QlDOb7bJ-4NJ562qgj1WVBEAVu1Q67Py
169,Radhastami,Hin_Radhastami_lecture_ISKCON_Vrindavan_04-09-23.mp3,04-09-23,2023,LECTURE,Hin,Vrindavan,Hindi,https://drive.google.com/uc?export=download&id=1oek9IDZtjkyMglSjdYEz8wJvEqjSKIYK
170,Radhastami,Hin_Radhastami_lecture_ISKCON_Vrindavan_06-09-19.mp3,06-09-19,2019,LECTURE,Hin,Vrindavan,Hindi,https://drive.google.com/uc?export=download&id=1hLKKxyp6V2jA-GFuDTPpKnEici7cX888
171,Radhastami,Hin_Radhastami_lecture_ISKCON_Vrindavan_13-09-21.mp3,13-09-21,2021,LECTURE,Hin,Vrindavan,Hindi,https://drive.google.com/uc?export=download&id=1nJjTvq40NKLXrAtE9GfPPowNDpFf-3bD
172,SB-05.13.11,Hin_SB-05.13.11_Sangharsa_purna_bhautik_jagat_ISKCON_Angul_23-05-18.mp3,23-05-18,2018,SB,Hin,Angul,Hindi,https://drive.google.com/uc?export=download&id=1Xo-SpTqo531l759n6wEY5LPlVKgZUde5
173,SB-04.08.15,Hin_SB-04.08.15_Indra_ko_vatsa_bana_kar_prthvi_ka_dohan_ISKCON_Vrindavan_23-03-15.mp3,23-03-15,2015,SB,Hin,Vrindavan,Hindi,https://drive.google.com/uc?export=download&id=12_nrcg2-bhA9DxGODARSM2fdcwBVw1cr
174,SB-03.31.06,Hin_SB-03.31.06_Garbhasth_sisu_ki_jantrana_ISKCON_Vrindavan-30-10-12.mp3,30-10-12,2012,SB,Hin,Vrindavan,Hindi,https://drive.google.com/uc?export=download&id=1h82VHcD-yCJwVvJT8lI3awPzqwcGSIvx
175,Janmastami,Hin_Janmastami_lecture_ISKCON_Angul-26-08-24.mp3,26-08-24,2024,LECTURE,Hin,Angul,Hindi,https://drive.google.com/uc?export=download&id=11cH7h9NszsgBUielOji-qiZr2i6FQGqc
176,Srila Prabhupada,Hin_Srila Prabhupada_Vyasapuja_lecture_ISKCON_Angul-14-08-20.mp3,14-08-20,2020,LECTURE,Hin,Angul,Hindi,https://drive.google.com/uc?export=download&id=13gUDlhIDq77SkgE3rG-Vy-zZOvRD_sIF
177,Janmastami,Hin_Janmastami_lecture_ISKCON_Angul-13-08-20.mp3,13-08-20,2020,LECTURE,Hin,Angul,Hindi,https://drive.google.com/uc?export=download&id=1vqsvt110GdpyqWZT4XX_gAPtvHaaYLvL
178,Bhagavan,Hin_Bhagavan_Sri_Krishna_ka_avirbhav-Day-5_ISKCON_Angul-12-08-2020.mp3,12-08-2020,2020,SEMINAR,Hin,Angul,Hindi,https://drive.google.com/uc?export=download&id=1nwjlYWvaWaZ2i1G0e69wpQmN_lo6silt
179,Bhagavan,Hin_Bhagavan_Sri_Krishna_ka_avirbhav-Day-4_ISKCON_Angul-11-08-2020.mp3,11-08-2020,2020,SEMINAR,Hin,Angul,Hindi,https://drive.google.com/uc?export=download&id=1-QHY-N5HvaFvAPWZt03fcHJ6LMNp1iiA
180,Bhagavan,Hin_Bhagavan_Sri_Krishna_ka_avirbhav-Day-3_ISKCON_Angul-10-08-2020.mp3,10-08-2020,2020,SEMINAR,Hin,Angul,Hindi,https://drive.google.com/uc?export=download&id=14qQKoRqjtYVHv68MnVdMzqS1lhkM2-M3
181,Bhagavan,Hin_Bhagavan_Sri_Krishna_ka_avirbhav-Day-1_ISKCON_Angul-08-08-2020.mp3,08-08-2020,2020,SEMINAR,Hin,Angul,Hindi,https://drive.google.com/uc?export=download&id=1X74Ew9loj6HP5VkScHB15_qHRZx92U6h
182,Bhagavan,Hin_Bhagavan_Sri_Krishna_ka_avirbhav-Day-2_ISKCON_Angul-09-08-2020.mp3,09-08-2020,2020,SEMINAR,Hin,Angul,Hindi,https://drive.google.com/uc?export=download&id=1q4epVmCEAePVuYBdRB28Ko5bn7_e9qXU
183,Bhagavan,Hin_Bhagavan_Balarama_ka_avirbhav_ISKCON_Vrindavan_12-08-22.mp3,12-08-22,2022,LECTURE,Hin,Vrindavan,Hindi,https://drive.google.com/uc?export=download&id=1CkPZbUba0epIvOIG73onYzBWJ8LSCa1-
184,SB-10.02.05,Hin_SB-10.02.05_Bhagavan_Balaram_ka_avirbhav_ISKCON_Angul_23-08-21.mp3,23-08-21,2021,SB,Hin,Angul,Hindi,https://drive.google.com/uc?export=download&id=1sILenzY3g7496bW-SIb4BrpUbXSfOPxX
185,SB-10.14.29,Hin_SB-10.14.29_Brahmaji_ke_upar_Bhagavan_ki_kripa_loc_unknown_15.02.2015.mp3,Unknown,Unknown,SB,Hin,Unknown,Hindi,https://drive.google.com/uc?export=download&id=1nPsuiF6VYelaSQiGZSIJlaAfPRxTTsAR
186,SB-01.04.01,Hin_SB-01.04.01_Saunak_muni_ke_dvara_Sri_Suta_gosvami_ka_svagat_ISKCON_Rukmini_vihar_Vrn_04-08-24.mp3,04-08-24,2024,SB,Hin,Unknown,Hindi,https://drive.google.com/uc?export=download&id=1iTJ2u9B93L7KhEthutSniGil69douqKu
187,Srila,Hin_Srila_Rupa_Gosvami_ke_sahityik_yogdan_ISKCON_Vrindavan_14-08.24.mp3,Unknown,Unknown,LECTURE,Hin,Vrindavan,Hindi,https://drive.google.com/uc?export=download&id=1PYHQnt1TTbdiZ9Hv5F9dSCLwEg29B4MT
188,SB-04.26.10,Hin_SB-04.26.10_Raja_puranjana_ka_van_mai_sikar_karne_jana_ISKCON_Vrindavan_28.07.16.mp3,Unknown,Unknown,SB,Hin,Vrindavan,Hindi,https://drive.google.com/uc?export=download&id=1KCmIiUHAq28uOaEb7PMwzLFGTDxy-hy7
189,SB-08.22.29-30,Hin_SB-08.22.29-30_Vamandev_ke_dvara_Bali_maharaj_ki_prasansha_ISKCON_Angul_15-01-23.mp3,15-01-23,2023,SB,Hin,Angul,Hindi,https://drive.google.com/uc?export=download&id=1-yosMC9GQOON0HApOk1ONdwapkeqCjMN
190,CC-Adi-13.19,Hin_CC-Adi-13.19_Gour_Purnima_lecture_ISKCON_Punjabi bagh_21.03.19.mp3,Unknown,Unknown,LECTURE,Hin,Unknown,Hindi,https://drive.google.com/uc?export=download&id=19598u6eEKeO5ycXMPrC97ooV-iQVwViO
191,SB-09.06.55,Hin_SB-09.06.55_Saubhari_muni_ke_patniyon_ki_antim_gati_ISKCON_Vrindavan_09-08-24.mp3,09-08-24,2024,SB,Hin,Vrindavan,Hindi,https://drive.google.com/uc?export=download&id=1n_iyDzS9_1j5OMx7jTePwP7_txE9yDtV
192,SB-04.25.37,Hin_SB-04.25.37_Buddhi_bhog_ki_kam_bhog_prastav_ISKCON_Vrindavan_12-06-2016.mp3,12-06-2016,2016,SB,Hin,Vrindavan,Hindi,https://drive.google.com/uc?export=download&id=1K9RMk0-kNaTul3gN4BhTwPmORPPwvYQP
193,SB-08.16.07,Hin_SB-08.16.07_Kashyap_muni_ke_mata_aditi_ko_prasna_ISKCON_Vrindavan_30-09-23.mp3,30-09-23,2023,SB,Hin,Vrindavan,Hindi,https://drive.google.com/uc?export=download&id=14IUUtQyewjrv_kXuqgjl5eTq0P20a2Hs
194,SB-07.10.36-38,Hin_SB-07.10.36-38_Sisupal_aur_dantavakra_ke_purva_vritanta_ISKCON_Vrindavan_02-03-2022.mp3,02-03-2022,2022,SB,Hin,Vrindavan,Hindi,https://drive.google.com/uc?export=download&id=1KLzxJYZX_m1a0kBiEoOjfvXKITiUm3iy
195,SB-07.13.23,Hin_SB-07.13.23_avadhut_ke_dvara_Prahalad_maharaj_ke_prasno_ka_uttar_ISKCON_Vrindavan_25-05-22.mp3,25-05-22,2022,SB,Hin,Vrindavan,Hindi,https://drive.google.com/uc?export=download&id=1xI8gk1IT6MBuRiqMeOIZXUP9CPmnS6QD
196,SB-05.09.11,Hin_SB-05.09.11_Brahmaji_ka_maharaj_priyavrat_ko_upadesh_ISKCON_Vrindavan_23-07-17.mp3,23-07-17,2017,SB,Hin,Vrindavan,Hindi,https://drive.google.com/uc?export=download&id=1Vx-JY02XhVCriTMEnrs1PWKg8CI6ShlZ
197,BG-1.24,Hin_BG-1.24_Bhagavan_Krishna_apne_bhakt_ka_adesh_palan_kar_rahe_hain_ISKCON_Vrindavan_01-08-24.mp3,01-08-24,2024,LECTURE,Hin,Vrindavan,Hindi,https://drive.google.com/uc?export=download&id=117jN1iy81uOZdJpqEYz2hQOb_jJNniBr
198,SB-10.65.01,Hin_SB-10.65.01_Bhagavan_Balaram_ke_Vrindavan_yatra_ISKCON_Vrindavan_12-03-2015.mp3,12-03-2015,2015,SB,Hin,Vrindavan,Hindi,https://drive.google.com/uc?export=download&id=1Za9zaoDWEY97IrZbxLYY1pGFWZ1VgADP
199,SB-03.33.29,Hin_SB-03.33.29_Mata_Devahuti_ki_samadhi_avastha_ISKCON_Vrindavan_10-02-2015.mp3,10-02-2015,2015,SB,Hin,Vrindavan,Hindi,https://drive.google.com/uc?export=download&id=1tLKHzbP95qyss8nYFRkQdUcx4viblAFI
200,SB-11.17.27,Hin_SB-11.17.27_Guru_Ke_mahatva_Pre-Vyasapuja_lecture_ISKCON_Puri_23-7-24.mp3,Unknown,Unknown,SB,Hin,Puri,Hindi,https://drive.google.com/uc?export=download&id=1AUKf-eMbKNgr5cbpgJHQFaN6f0D1Cm09
201,Gopa,Hin_Gopa_kumar_Brhad_Bhagavatamrita-24_ISKCON_Vrindavan_30-07-2023.mp3,30-07-2023,2023,LECTURE,Hin,Vrindavan,Hindi,https://drive.google.com/uc?export=download&id=1N62r5xv3_qXY2H9SJzCC82FhtxYVACW3
202,Gopa,Hin_Gopa_kumar_Brhad_Bhagavatamrita-23_ISKCON_Vrindavan_29-07-2023.mp3,29-07-2023,2023,LECTURE,Hin,Vrindavan,Hindi,https://drive.google.com/uc?export=download&id=1H4zgCmW2k5-lC4AmKVvD_PUH6EmKBTI0
203,Gopa,Hin_Gopa_kumar_Brhad_Bhagavatamrita-22_ISKCON_Vrindavan_28-07-2023.mp3,28-07-2023,2023,LECTURE,Hin,Vrindavan,Hindi,https://drive.google.com/uc?export=download&id=1hDL4b7CFhjyD_8OPvosCgDpVp81uoYGN
204,Gopa,Hin_Gopa_kumar_Brhad_Bhagavatamrita-21_ISKCON_Vrindavan_27-07-2023.mp3,27-07-2023,2023,LECTURE,Hin,Vrindavan,Hindi,https://drive.google.com/uc?export=download&id=1soWtiajMN-u9ddzHF-CF7f3jxBW1RLgJ
205,Gopa,Hin_Gopa_kumar_Brhad_Bhagavatamrita-19_ISKCON_Vrindavan_24-10-2022.mp3,24-10-2022,2022,LECTURE,Hin,Vrindavan,Hindi,https://drive.google.com/uc?export=download&id=104sk6Hc55_RKXy-Lq5wjTPuf1YZO2sYW
206,Gopa,Hin_Gopa_kumar_Brhad_Bhagavatamrita-20_ISKCON_Vrindavan_25-10-2022.mp3,25-10-2022,2022,LECTURE,Hin,Vrindavan,Hindi,https://drive.google.com/uc?export=download&id=1qonX6WY-7yCQ2Dgcy3Uh2DkdS9GLPjib
207,Gopa,Hin_Gopa_kumar_Brhad_Bhagavatamrita-18_ISKCON_Vrindavan_23-10-2022.mp3,23-10-2022,2022,LECTURE,Hin,Vrindavan,Hindi,https://drive.google.com/uc?export=download&id=1F5_4w4UDvlKIBnSpDL0gnhlvPYDFpZRR
208,Gopa,Hin_Gopa_kumar_Brhad_Bhagavatamrita-17_ISKCON_Vrindavan_22-10-2022.mp3,22-10-2022,2022,LECTURE,Hin,Vrindavan,Hindi,https://drive.google.com/uc?export=download&id=1r5oLFxMwZp8jd-ILAv3fxTYU5bVmjR59
209,Gopa,Hin_Gopa_kumar_Brhad_Bhagavatamrita-16_ISKCON_Vrindavan_27-10-2021.mp3,27-10-2021,2021,LECTURE,Hin,Vrindavan,Hindi,https://drive.google.com/uc?export=download&id=1aM4-jBxDg7qcrgTfdJ3DHNLGTqZ2Pu6n
210,Gopa,Hin_Gopa_kumar_Brhad_Bhagavatamrita-15_ISKCON_Vrindavan_26-10-2021.mp3,26-10-2021,2021,LECTURE,Hin,Vrindavan,Hindi,https://drive.google.com/uc?export=download&id=1y2WoZo0p8TZWcbC_xPFk0bPtInjWG-e4
211,Gopa,Hin_Gopa_kumar_Brhad_Bhagavatamrita-14_ISKCON_Vrindavan_25-10-2021.mp3,25-10-2021,2021,LECTURE,Hin,Vrindavan,Hindi,https://drive.google.com/uc?export=download&id=1AkhVzA47ijjox-aRunVVf0VkYT5BK_su
212,Gopa,Hin_Gopa_kumar_Brhad_Bhagavatamrita-13_ISKCON_Vrindavan_24-10-2021.mp3.mp3,24-10-2021,2021,LECTURE,Hin,Vrindavan,Hindi,https://drive.google.com/uc?export=download&id=1ImeP_99Uk1H71r2c-w8KFSdvkbGgOCM8
213,Gopa,Hin_Gopa_kumar_Brhad_Bhagavatamrita-12_ISKCON_Vrindavan_04-11-2019.mp3,04-11-2019,2019,LECTURE,Hin,Vrindavan,Hindi,https://drive.google.com/uc?export=download&id=1_sRqLVbUt_cz-ySk_QGvL-0BgskrPVsJ
214,Gopa,Hin_Gopa_kumar_Brhad_Bhagavatamrita-11_ISKCON_Vrindavan_03-11-2019.mp3,03-11-2019,2019,LECTURE,Hin,Vrindavan,Hindi,https://drive.google.com/uc?export=download&id=1NM5o8xq-kQiUwWE8Co_HwHYsu1D8j5Gy
215,Gopa,Hin_Gopa_kumar_Brhad_Bhagavatamrita-10_ISKCON_Vrindavan_02-11-2019.mp3,02-11-2019,2019,LECTURE,Hin,Vrindavan,Hindi,https://drive.google.com/uc?export=download&id=1_Ip7DKOhMN-WjP8g05ss4xudimVFRku1
216,Gopa,Hin_Gopa_kumar_Brhad_Bhagavatamrita-9_ISKCON_Vrindavan_01-11-2019.mp3,01-11-2019,2019,LECTURE,Hin,Vrindavan,Hindi,https://drive.google.com/uc?export=download&id=1POvYG6YbtGIMidKvgh0_bpB158cI0YAU
217,Gopa,Hin_Gopa_kumar_Brhad_Bhagavatamrita-8_ISKCON_Vrindavan_29-06-2021.mp3,29-06-2021,2021,LECTURE,Hin,Vrindavan,Hindi,https://drive.google.com/uc?export=download&id=1AIA6_xT5-N6Un0UdJh104M5i0kbCGxXy
218,Gopa,Hin_Gopa_kumar_Brhad_Bhagavatamrita-7_ISKCON_Vrindavan_28-06-2021.mp3,28-06-2021,2021,LECTURE,Hin,Vrindavan,Hindi,https://drive.google.com/uc?export=download&id=1PxJzV5aj61P3-y0GUsKtMTYZOfo2hvdc
219,Gopa,Hin_Gopa_kumar_Brhad_Bhagavatamrita-6_ISKCON_Vrindavan_27-06-2021.mp3,27-06-2021,2021,LECTURE,Hin,Vrindavan,Hindi,https://drive.google.com/uc?export=download&id=1c75a9PrF2fD7mz37EwyQxGX7j_E1GCLt
220,Gopa,Hin_Gopa_kumar_Brhad_Bhagavatamrita-5_ISKCON_Vrindavan_10-06-2018.mp3,10-06-2018,2018,LECTURE,Hin,Vrindavan,Hindi,https://drive.google.com/uc?export=download&id=1nGjiVpfWtgzEhyVt23HTpN-vo0zEBGR-
221,Gopa,Hin_Gopa_kumar_Brhad_Bhagavatamrita-4_ISKCON_Vrindavan_09-06-2018.mp3,09-06-2018,2018,LECTURE,Hin,Vrindavan,Hindi,https://drive.google.com/uc?export=download&id=1ia8GmDYwoLovqQ1jkNHPtzzpblLCY1EH
222,Gopa,Hin_Gopa_kumar_Brhad_Bhagavatamrita-3_ISKCON_Vrindavan_08-06-2018.mp3,08-06-2018,2018,LECTURE,Hin,Vrindavan,Hindi,https://drive.google.com/uc?export=download&id=1z71hqWB3hKaGcE_jygrakfmy4iYGZKl5
223,Gopa,Hin_Gopa_kumar_Brhad_Bhagavatamrita-2_ISKCON_Vrindavan_07-06-2018.mp3,07-06-2018,2018,LECTURE,Hin,Vrindavan,Hindi,https://drive.google.com/uc?export=download&id=1KOJJG_30DYNfst5FlHiLU7ksfsTeCPg_
224,Gopa,Hin_Gopa_kumar_Brhad_Bhagavatamrita-1_ISKCON_Vrindavan_06-06-2018.mp3,06-06-2018,2018,LECTURE,Hin,Vrindavan,Hindi,https://drive.google.com/uc?export=download&id=1c9PyKCpRAKWCcMSwbrBzddVwj89Swp2q
225,BG-2.38,Hin_BG-2.38_pap_karmo_se_mukt_hone_ka_upaya_ISKCON_Hyderabad_26-06-22.mp3,26-06-22,2022,LECTURE,Hin,Hyderabad,Hindi,https://drive.google.com/uc?export=download&id=1OUgAd_KJOcH4Kas8TP9xGcVHcN1IDjHp
226,SB-07.14.17,Hin_SB-07.14.17_bhagavan_ko_prasanna_karne_ka_upaya_Hyderabad-25-06-22.mp3,25-06-22,2022,SB,Hin,Hyderabad,Hindi,https://drive.google.com/uc?export=download&id=19ahM3W9czsRK2asZ9x9NHvm9VzH_vWld
227,apka,Hin_apka_nitya_subhchintak_ISKCON_Angul-03-04-22.mp3,03-04-22,2022,LECTURE,Hin,Angul,Hindi,https://drive.google.com/uc?export=download&id=1m-smAOhjF1LartEHVIj_ydynC1aL1OCE
228,Damodar,Hin_Damodar_lila-Day-4_unknown_01-10-2018.mp3,01-10-2018,2018,SEMINAR,Hin,Unknown,Hindi,https://drive.google.com/uc?export=download&id=1JnoGgexlvv39IedJvfRmdSQrwahbB1Yd
229,Damodar,Hin_Damodar_lila-Day-3_unknown_30-09-2018.mp3,30-09-2018,2018,SEMINAR,Hin,Unknown,Hindi,https://drive.google.com/uc?export=download&id=1YnD-_5rla84FaRv11I_Cs6YYqtVjv_4m
230,Damodar,Hin_Damodar_lila-Day-2_unknown_29-09-2018.mp3,29-09-2018,2018,SEMINAR,Hin,Unknown,Hindi,https://drive.google.com/uc?export=download&id=18_mW8TSSbqAHEpciS6oICVvdWtFJrm0k
231,Damodar,Hin_Damodar_lila-Day-1_unknown_28-09-2018.mp3,28-09-2018,2018,SEMINAR,Hin,Unknown,Hindi,https://drive.google.com/uc?export=download&id=1GV3nqMu3sTBctXwIHIC_HpAV4Abym8hJ
232,Sri,Hin_Sri_chaitanya_mahaprabhu_in_South_India-Day-3_Delhi_19-03-2019.mp3,19-03-2019,2019,SEMINAR,Hin,Unknown,Hindi,https://drive.google.com/uc?export=download&id=1sBzuVkRUV09DQ-3oBMYey1X4E3AvFPAd
233,Sri,Hin_Sri_chaitanya_mahaprabhu_in_South_India-Day-1_Delhi_17-03-2019.mp3,17-03-2019,2019,SEMINAR,Hin,Unknown,Hindi,https://drive.google.com/uc?export=download&id=1DcbmkdVPsO6hMCTrnII09rnqmFhYJhtM
234,Sri,Hin_Sri_chaitanya_mahaprabhu_in_South_India-Day-2_Delhi_18-03-2019.mp3,18-03-2019,2019,SEMINAR,Hin,Unknown,Hindi,https://drive.google.com/uc?export=download&id=1jt8A_tXC1ynKd5nrPmC2cepdeptoVXKu
235,SB-04.08.23,Hin_SB-04.08.23_samast_kaston_se_mukt_hone_ka_upaya_Jaipur_12-02-2022.mp3,12-02-2022,2022,SB,Hin,Unknown,Hindi,https://drive.google.com/uc?export=download&id=1usGb7A-gZEmrCXHKsO31F84gIPl5FqZ1
236,SB-06.03.31,Hin_SB-06.03.31_sukadev_gosvami_ke_nirnayak_upadesh_ISKCON_Vrindavan_23-09-22.mp3,23-09-22,2022,SB,Hin,Vrindavan,Hindi,https://drive.google.com/uc?export=download&id=1002QnFTfnkYyVx4lEvCQTVc_lzzcM_qa
237,SB-09.10.54,Hin_SB-09.10.54_bhagavan_ramchandra_ke_adarsh_jivan_ISKCON_Vrindavan_19-09-22.mp3,19-09-22,2022,SB,Hin,Vrindavan,Hindi,https://drive.google.com/uc?export=download&id=131xg0E8v06aRUVH3KpjGKygEUb9Fmyqs
238,SB-07.06.01,Hin_SB-07.06.01_prahlad_maharaj_ke_sikhya_ISKCON_Gurukul_Vrindavan_25-09-22.mp3,25-09-22,2022,SB,Hin,Vrindavan,Hindi,https://drive.google.com/uc?export=download&id=16NXVXSHzHNvVN0eDeuuOsLoxrNuAyJCG
239,mata,Hin_mata_durga_se_kya_mangna_chahiye_Jaipur_30-09-2022.mp3,30-09-2022,2022,LECTURE,Hin,Unknown,Hindi,https://drive.google.com/uc?export=download&id=1vK5YIMWJDzSjsY3Pe1bRJZKMx5WjJs4y
240,SB-01.02.12,Hin_SB-01.02.12_srimad_bhagavatam_ke_tatva_ISKCON_Radha_Govind_temple_Vrindavan_05-06-24.mp3,05-06-24,2024,SB,Hin,Vrindavan,Hindi,https://drive.google.com/uc?export=download&id=1c9sINUS1USXaoAonBcbJYXFsvsmo6m9q
241,Damodar,Hin_Damodar_leela_bhakti_vriksya_program_ISKCON_Jaipur_01-10-22.mp3,01-10-22,2022,LECTURE,Hin,Unknown,Hindi,https://drive.google.com/uc?export=download&id=1dduqVd5GGmnUPenTw6sUaGnD0YxypD4e
242,BG-2.40,Hin_BG-2.40_bhakti_Ke_mahatva_Sunday_progam_ISKCON_Jaipur_02-10-2022.mp3,02-10-2022,2022,LECTURE,Hin,Unknown,Hindi,https://drive.google.com/uc?export=download&id=16fqRkwTgfLwkRnyk9ezC6IqMqkD495YV
243,SB-06.01.03-05,Hin_SB-06.01.03-05_parikshit_maharaj_ke_krtangyata_aur_prasna_ISKCON_Jaipur-04-10-2022.mp3,04-10-2022,2022,SB,Hin,Unknown,Hindi,https://drive.google.com/uc?export=download&id=1pkcfTO0IX2rJMTqEgC2rucuwQ04TP0-d
244,SB-07.15.65,Hin_SB-07.15.65_susamskrut_manusya_ka_kartavya_ISKCON_Vrindavan_03-11-22.mp3,03-11-22,2022,SB,Hin,Vrindavan,Hindi,https://drive.google.com/uc?export=download&id=1cqMMhIH5AXIyX6zdfRm8d2xgV1HOHS3j
245,CC-Adi.01.31-46,Hin_CC-Adi.01.31-46_Vrindavan_15-05-24.mp3,15-05-24,2024,LECTURE,Hin,Vrindavan,Hindi,https://drive.google.com/uc?export=download&id=1da8UAZQCLTY1_as1uCnLrQax5ijKjLeI
246,CC-Adi.01.01-30,Hin_CC-Adi.01.01-30_Vrindavan_14-05-24.mp3,14-05-24,2024,LECTURE,Hin,Vrindavan,Hindi,https://drive.google.com/uc?export=download&id=1vZ4UdzQiVCzcfpxDa67vBWVcEM0J2VFz
247,Nrsimha,Hin_Nrsimha_chaturdashi_ISKCON_Shillong_22-05-24.mp3,22-05-24,2024,LECTURE,Hin,Unknown,Hindi,https://drive.google.com/uc?export=download&id=1DBWj0sflq8nRejlKmURrfX5mivLiAuZS
248,bhakti,Hin_bhakti_mai_pragati_ke_liye_mahatvapurn_gun_ISKCON_Guwahati_24-05-24.mp3,24-05-24,2024,LECTURE,Hin,Unknown,Hindi,https://drive.google.com/uc?export=download&id=1Ql25lhc0R3xiIcJmcAeeY4MJnNyz3LxS
249,Jagannath,Hin_Jagannath_Katha_Day-3_ISKCON_Jaipur_04-10-22.mp3,04-10-22,2022,SEMINAR,Hin,Unknown,Hindi,https://drive.google.com/uc?export=download&id=1uE9WKkO-pOGkYdozY1z7Z0_Tex9QdguM
250,Jagannath,Hin_Jagannath_Katha_Day-2_ISKCON_Jaipur_03-10-22.mp3,03-10-22,2022,SEMINAR,Hin,Unknown,Hindi,https://drive.google.com/uc?export=download&id=1hOeWh5Ii7HlugAPfdy2lXdV04Lzq6CfK
251,Jagannath,Hin_Jagannath_Katha_Day-1_ISKCON_Jaipur_02-10-22.mp3,02-10-22,2022,SEMINAR,Hin,Unknown,Hindi,https://drive.google.com/uc?export=download&id=1fjlniPBOYCJ7TQgMQYXn1fhOuS4HeJlY
252,SB-01.13.31,Hin_SB-01.13.31_maharaj_Yudhistir_ke_nitya_kartavya_ISKCON_Shillong-20-05-2024.mp3,20-05-2024,2024,SB,Hin,Unknown,Hindi,https://drive.google.com/uc?export=download&id=1Jmb5RqLyZ4huBkD8lX5iHwa-r7mcqoG1
253,Sri,Hin_Sri_Jagannath_katha_ISKCON_Shillong-20-05-24.mp3,20-05-24,2024,LECTURE,Hin,Unknown,Hindi,https://drive.google.com/uc?export=download&id=14W4_P3D5Ei_Qb4bV65D5K5YR4I0rQr9l
254,SB-01.13.30,Hin_SB-01.13.30_Dhritarastra_ke_griha_tyaga_ISKCON_Shillong-19-05-2024.mp3,19-05-2024,2024,SB,Hin,Unknown,Hindi,https://drive.google.com/uc?export=download&id=1Tz9OAru3afBWN2FnIYBSTNAz_U04kQhD
255,CC-Antya.20.59-136,Hin_CC-Antya.20.59-136_Vrindavan_12-05-24.mp3,12-05-24,2024,LECTURE,Hin,Vrindavan,Hindi,https://drive.google.com/uc?export=download&id=1FIaTdbOFVMBEhGSknY-CJgqbrg_Br6Za
256,CC-Antya.20.137-157,Hin_CC-Antya.20.137-157_Vrindavan_13-05-24.mp3,13-05-24,2024,LECTURE,Hin,Vrindavan,Hindi,https://drive.google.com/uc?export=download&id=1jVCOFQrpAIEC8cbTGQcurmDfdJwiqgAB
257,CC-Antya.20.29-58,Hin_CC-Antya.20.29-58_Vrindavan_11-05-24.mp3,11-05-24,2024,LECTURE,Hin,Vrindavan,Hindi,https://drive.google.com/uc?export=download&id=12bPb6gMvh3KhCEZv5CMqED8OMIW1fEEn
258,CC-Antya.20.01-28,Hin_CC-Antya.20.01-28_Vrindavan_10-05-24.mp3,10-05-24,2024,LECTURE,Hin,Vrindavan,Hindi,https://drive.google.com/uc?export=download&id=1dNeYoI52yjr7kDRFzRBSsOWnmEMDi6DU
259,SB-06.03.29,Hin_SB-06.03.29_Yamlok_mai_koun_jata_hai_Jaipur_22-10-23.mp3,22-10-23,2023,SB,Hin,Unknown,Hindi,https://drive.google.com/uc?export=download&id=1CEe0uxDl-yikPZVxfGHYckMka71of_Kr
260,SB-06.17.28,Hin_SB-06.17.28_Vasishnavon_ki_mahima_ISKCON_Jaipur_22-10-23.mp3,22-10-23,2023,SB,Hin,Unknown,Hindi,https://drive.google.com/uc?export=download&id=1PZMlqc_2QIF837fS-aW8TYQQvbmcBGm4
261,Bhagavan,Hin_Bhagavan_Balarama_ka_avirbhav_ISKCON_Vrindavan_31-08-23.mp3,31-08-23,2023,LECTURE,Hin,Vrindavan,Hindi,https://drive.google.com/uc?export=download&id=1mfoHFi-YYlVexVRiA9wBn4pxeAfkSCUL
262,CC-Adi.02.56,Hin_CC-Adi.02.56_Sri_Krishna_hin_Adi_Narayan_ISKCON_Vrindavan_18-09-2023.mp3,18-09-2023,2023,LECTURE,Hin,Vrindavan,Hindi,https://drive.google.com/uc?export=download&id=16jkM2v3QdRi9WWAwR20DZRZ1XMs8__xM
263,SB-08.12.31,Hin_SB-08.12.31_Mohini_avatar_ke_dvara_Sivaji_mohit_hona_06-08-2023.mp3,06-08-2023,2023,SB,Hin,Unknown,Hindi,https://drive.google.com/uc?export=download&id=1Y1TCiPX2utdDksgNDFuqWCfwHiBwrbob
264,Govardhan,Hin_Govardhan_dharan_leela-Day4_Udaipur_21-08-23.mp3,21-08-23,2023,LECTURE,Hin,Unknown,Hindi,https://drive.google.com/uc?export=download&id=1XE8lgabAWsufItf7PgYZcQTGPjZqUT8v
265,Govardhan,Hin_Govardhan_dharan_leela-Day3_Udaipur_20-08-23.mp3,20-08-23,2023,LECTURE,Hin,Unknown,Hindi,https://drive.google.com/uc?export=download&id=1z83OCo4AXD53mUBBt8jTikHBYHExd6tE
266,Govardhan,Hin_Govardhan_dharan_leela-Day2_Udaipur_19-08-23.mp3,19-08-23,2023,LECTURE,Hin,Unknown,Hindi,https://drive.google.com/uc?export=download&id=1qReLp0tcAk4mkMELqo3BFQeNf4MDe3tk
267,Govardhan,Hin_Govardhan_dharan_leela-Day1_Udaipur_18-08-23.mp3,18-08-23,2023,LECTURE,Hin,Unknown,Hindi,https://drive.google.com/uc?export=download&id=1yOE5fgN2SNO055H_FlD4gqVmpBEjNyor
268,CC-Antya.19.107-111,Hin_CC-Antya.19.107-111_Hyderabad_20-06-23.mp3,20-06-23,2023,LECTURE,Hin,Hyderabad,Hindi,https://drive.google.com/uc?export=download&id=1AaMN3Upk_ii_amkhU-342XBX14rnW6bf
269,CC-Antya.19.85-107,Hin_CC-Antya.19.85-107_Hyderabad_19-06-23.mp3,19-06-23,2023,LECTURE,Hin,Hyderabad,Hindi,https://drive.google.com/uc?export=download&id=1uVa3NPoTcW5iNtmVq7QQ-SjxNGvnWx3f
270,CC-Antya.19.50-84,Hin_CC-Antya.19.50-84_Hyderabad_19-06-23.mp3,19-06-23,2023,LECTURE,Hin,Hyderabad,Hindi,https://drive.google.com/uc?export=download&id=10fGPbpu2c3oxoUln97O4vtyyLijk_d6G
271,CC-Antya.19.31-49,Hin_CC-Antya.19.31-49_Hyderabad_17-06-23.mp3,17-06-23,2023,LECTURE,Hin,Hyderabad,Hindi,https://drive.google.com/uc?export=download&id=1-_YqhnyU4hJ5SXauky3H_RbwmAz3byQh
272,CC-Antya.19.01-30,Hin_CC-Antya.19.01-30_Hyderabad_17-06-23.mp3,17-06-23,2023,LECTURE,Hin,Hyderabad,Hindi,https://drive.google.com/uc?export=download&id=1PjYKEtaW4N3e3wViNKnEElMepV9C94K_
273,SB-11.01.04,Hin_SB-11.01.04_sva_dham_pratyavartan_ki_tayari_ISKCON_KOLKATA_30-4-24.mp3,Unknown,Unknown,SB,Hin,Unknown,Hindi,https://drive.google.com/uc?export=download&id=1ls7_YVUxYGzZ-dcpSsHhfy7_hWqQIsLE
274,SB-01.14.01,Hin_SB-01.14.01_bhagavan_ki_divya_lilayen_Howrah_28-4-24.mp3,Unknown,Unknown,SB,Hin,Unknown,Hindi,https://drive.google.com/uc?export=download&id=1lOhgkPAY-otI9khDgDDGbYJLdnTrywT8
275,Brahmachari,Hin_Brahmachari_sangotsav_Day2-ISKCON_Gangasagar_27-4-24.mp3,Unknown,Unknown,LECTURE,Hin,Unknown,Hindi,https://drive.google.com/uc?export=download&id=1eUs5rViSkTFKV8xpYzdy-cOInJlbdIfp
276,Brahmachari,Hin_Brahmachari_sangotsav_Day1-ISKCON_Gangasagar_26-4-24.mp3,Unknown,Unknown,LECTURE,Hin,Unknown,Hindi,https://drive.google.com/uc?export=download&id=1kxDT6HB4YHzevnGQhKIg5hjhQunAMd96
277,Sri,Hin_Sri_Rama_Navami_Angul_17-4-24.mp3,Unknown,Unknown,LECTURE,Hin,Angul,Hindi,https://drive.google.com/uc?export=download&id=1y_oWbukfuVdmKu04Yq13oLxXdr6gXvji
278,CC-Antya.18.57-121-ISKCON,Hin_CC-Antya.18.57-121-ISKCON_Angul_28-01-22.mp3,28-01-22,2022,LECTURE,Hin,Angul,Hindi,https://drive.google.com/uc?export=download&id=169fnkcmUMjvDE5WOfXnWXTyjbZFfwjkU
279,CC-Antya.17.63-18.56-ISKCON,Hin_CC-Antya.17.63-18.56-ISKCON_Angul_26-01-22.mp3,26-01-22,2022,LECTURE,Hin,Angul,Hindi,https://drive.google.com/uc?export=download&id=12NzRAAUFYewDgCH6wMYlAOSAT9VVC048
280,CC-Antya.17.32-62-ISKCON,Hin_CC-Antya.17.32-62-ISKCON_Angul_25-01-22.mp3,25-01-22,2022,LECTURE,Hin,Angul,Hindi,https://drive.google.com/uc?export=download&id=1g_bEB7HGIrMuOtjkJne0eNTaIOs-9m6q
281,CC-Antya.16.134-17.30-ISKCON,Hin_CC-Antya.16.134-17.30-ISKCON_Angul_24-01-22.mp3,24-01-22,2022,LECTURE,Hin,Angul,Hindi,https://drive.google.com/uc?export=download&id=1IXDgtyAdgI57gZd-VcLOnsijxDSYfjDo
282,CC-Antya.16.98-133-ISKCON,Hin_CC-Antya.16.98-133-ISKCON_Angul_23-01-22.mp3,23-01-22,2022,LECTURE,Hin,Angul,Hindi,https://drive.google.com/uc?export=download&id=1b7lkd_K2YSHVCR4GsW1i2h0tvED1PyGZ
283,CC-Antya.16.52-97-ISKCON,Hin_CC-Antya.16.52-97-ISKCON_Angul_22-01-22.mp3,22-01-22,2022,LECTURE,Hin,Angul,Hindi,https://drive.google.com/uc?export=download&id=13OK0NfLJyNNfdrcdeYmiPPJHsRrGODdv
284,CC-Antya.16.24-51-ISKCON,Hin_CC-Antya.16.24-51-ISKCON_Angul_21-01-22.mp3,21-01-22,2022,LECTURE,Hin,Angul,Hindi,https://drive.google.com/uc?export=download&id=14m-u5lKI6D-5vt6MdpurWaIyKD6DYUZR
285,CC-Antya.15.79-16.23-ISKCON,Hin_CC-Antya.15.79-16.23-ISKCON_Angul_20-01-22.mp3,20-01-22,2022,LECTURE,Hin,Angul,Hindi,https://drive.google.com/uc?export=download&id=1nXQu1yTaXYlQMuvxP0_EiiwOSJ-GB9s0
286,CC-Antya.15.65-78-ISKCON,Hin_CC-Antya.15.65-78-ISKCON_Angul_19-01-22.mp3,19-01-22,2022,LECTURE,Hin,Angul,Hindi,https://drive.google.com/uc?export=download&id=1s-doHjhZAtcGORiiRDZFydbjt7uMwSeT
287,CC-Antya.15.28-64,Hin_CC-Antya.15.28-64_ISKCON_Angul_02-06-21.mp3,02-06-21,2021,LECTURE,Hin,Angul,Hindi,https://drive.google.com/uc?export=download&id=1M6bZwXP0qX6Ii5jN37TGVQHRXgNZqhae
288,CC-Antya.14.88-15.14,Hin_CC-Antya.14.88-15.14_ISKCON_Angul_26-04-21.mp3,26-04-21,2021,LECTURE,Hin,Angul,Hindi,https://drive.google.com/uc?export=download&id=1eiUE6pRwSGMQnFuXQUIh8AZ1YXrACVwT
289,CC-Antya.15.15-27,Hin_CC-Antya.15.15-27_ISKCON_Angul_01-06-21.mp3,01-06-21,2021,LECTURE,Hin,Angul,Hindi,https://drive.google.com/uc?export=download&id=1AEyPXWGwVNk0FxqueTa1a1aAAm8LCyyU
290,CC-Antya.14.53-87,Hin_CC-Antya.14.53-87_ISKCON_Angul_25-09-20.mp3,25-09-20,2020,LECTURE,Hin,Angul,Hindi,https://drive.google.com/uc?export=download&id=1pKWYA4K_OGjYdbmwWOkHv2ZizfA_cchz
291,CC-Antya.14.42-53,Hin_CC-Antya.14.42-53_ISKCON_Angul_24-09-20.mp3,24-09-20,2020,LECTURE,Hin,Angul,Hindi,https://drive.google.com/uc?export=download&id=1_2jDRtsBU50LPz1Mux4gPxRZ77JR2tJ3
292,CC-Antya.14.14-41,Hin_CC-Antya.14.14-41_ISKCON_Angul_23-09-20.mp3,23-09-20,2020,LECTURE,Hin,Angul,Hindi,https://drive.google.com/uc?export=download&id=1PzdWM_ldcAx3wIp-qVi6RTJ4ILasPMp2
293,CC-Antya.13.126-14.13,Hin_CC-Antya.13.126-14.13_ISKCON_Angul_22-09-20.mp3,22-09-20,2020,LECTURE,Hin,Angul,Hindi,https://drive.google.com/uc?export=download&id=1_lJ5BnmyGfm1ORhkIyXq2EnJBZMl7iOX
294,CC-Antya.13.79-125,Hin_CC-Antya.13.79-125_ISKCON_Angul_21-09-20.mp3,21-09-20,2020,LECTURE,Hin,Angul,Hindi,https://drive.google.com/uc?export=download&id=1xbyYsRXDKIDu_Gu8IZ75IIHRW4Tvdtd5
295,CC-Antya.13.40-78,Hin_CC-Antya.13.40-78_ISKCON_Angul_19-09-20.mp3,19-09-20,2020,LECTURE,Hin,Angul,Hindi,https://drive.google.com/uc?export=download&id=1cQbz5ykGEv8_DFm5A8JNSQTDshyRp5nt
296,Gour,Hin_Gour_Purnima_festival_ISKCON_Vrindavan_25-03-24.mp3,25-03-24,2024,LECTURE,Hin,Vrindavan,Hindi,https://drive.google.com/uc?export=download&id=1pIpdy17iTeyUqOQIVsrXEuEzAtzUvCzB
297,CC-Antya.12.140-13.39,Hin_CC-Antya.12.140-13.39_ISKCON_Angul_18-09-20.mp3,18-09-20,2020,LECTURE,Hin,Angul,Hindi,https://drive.google.com/uc?export=download&id=1LRvTvYl2_iG9aHFLXd8WZnMDHBTwKSd6
298,CC-Antya.12.90-139,Hin_CC-Antya.12.90-139_ISKCON_Angul_16-09-20.mp3,16-09-20,2020,LECTURE,Hin,Angul,Hindi,https://drive.google.com/uc?export=download&id=1VCCjBHkDupf0tdqMlrP4D2CzfPV7hgN_
299,CC-Antya.12.40-89,Hin_CC-Antya.12.40-89_ISKCON_Angul_14-09-20.mp3,14-09-20,2020,LECTURE,Hin,Angul,Hindi,https://drive.google.com/uc?export=download&id=18DKbeP8xLqwVMEXESqUKs1R5GNxL7sQg
300,CC-Antya.10.134-12.39,Hin_CC-Antya.10.134-12.39_ISKCON_Angul_13-09-20.mp3,13-09-20,2020,LECTURE,Hin,Angul,Hindi,https://drive.google.com/uc?export=download&id=1MzOlClmruHUHpE7Tc97LF9qCL_gGTglZ
301,CC-Antya.10.82-10.133,Hin_CC-Antya.10.82-10.133_ISKCON_Angul_12-09-20.mp3,12-09-20,2020,LECTURE,Hin,Angul,Hindi,https://drive.google.com/uc?export=download&id=15W6jOAbH2-wVFWANYClyyzPA0LtD6NgP
302,CC-Antya.10.55-10.82,Hin_CC-Antya.10.55-10.82_ISKCON_Angul_11-09-20.mp3,11-09-20,2020,LECTURE,Hin,Angul,Hindi,https://drive.google.com/uc?export=download&id=1QvWfXDGo1XXiAjjwHTG1Bk6Po6BShUlD
303,CC-Adi.03.12,Hin_CC-Adi.03.12_Krishna_ka_vrindavan_mai_prem_lila_asvadan_ISKCON_Vrindavan_18-03-24.mp3,18-03-24,2024,LECTURE,Hin,Vrindavan,Hindi,https://drive.google.com/uc?export=download&id=1dL75deBP0FosIb2LeRqlijbzgFj8OR5G
304,CC-Antya.09.66-146,Hin_CC-Antya.09.66-146_ISKCON_Angul_28-07-20.mp3,28-07-20,2020,LECTURE,Hin,Angul,Hindi,https://drive.google.com/uc?export=download&id=1FqkG9hy30AWeH-DiQgsPwzR0AymBNQfp
305,CC-Antya.09.147-10.54,Hin_CC-Antya.09.147-10.54_ISKCON_Angul_29-07-20.mp3,29-07-20,2020,LECTURE,Hin,Angul,Hindi,https://drive.google.com/uc?export=download&id=1pkbV_tn5ba1E860iOwcxPPoJ972HZwvJ
306,CC-Antya.09.01-65,Hin_CC-Antya.09.01-65_ISKCON_Angul_27-07-20.mp3,27-07-20,2020,LECTURE,Hin,Angul,Hindi,https://drive.google.com/uc?export=download&id=1c2CJZ9ujhb4SfH9X59nfTCpWFxATK4Lk
307,CC-Antya.08.35-103,Hin_CC-Antya.08.35-103_ISKCON_Angul_26 -07-20.mp3,Unknown,Unknown,LECTURE,Hin,Angul,Hindi,https://drive.google.com/uc?export=download&id=1b-yQmBYhSmN8-vEVnIVonYZTtNBnI0Au
308,CC-Antya.07.148-08.34,Hin_CC-Antya.07.148-08.34_ISKCON_Angul_25-07-20.mp3,25-07-20,2020,LECTURE,Hin,Angul,Hindi,https://drive.google.com/uc?export=download&id=1d0uyBWd7yhOLJua-h502vYUwEBYCeJNv
309,CC-Antya.07.103-147,Hin_CC-Antya.07.103-147_ISKCON_Angul_22-07-20.mp3,22-07-20,2020,LECTURE,Hin,Angul,Hindi,https://drive.google.com/uc?export=download&id=1S24grnqPt9mFbCligRdCiM0aau5LTpGz
310,CC-Antya.07.42-102,Hin_CC-Antya.07.42-102_ISKCON_Angul_20-07-20.mp3,20-07-20,2020,LECTURE,Hin,Angul,Hindi,https://drive.google.com/uc?export=download&id=1Mjtno2ubOJC9KLSQH2C6FY35ROd_EmY_
311,CC-Antya.07.01-41,Hin_CC-Antya.07.01-41_ISKCON_Angul_19-07-20.mp3,19-07-20,2020,LECTURE,Hin,Angul,Hindi,https://drive.google.com/uc?export=download&id=1ZQXXHWZbW-N_4FtMLiREkOw1cLe32aBW
312,CC-Antya.06.272-329,Hin_CC-Antya.06.272-329_ISKCON_Angul_18-07-20.mp3,18-07-20,2020,LECTURE,Hin,Angul,Hindi,https://drive.google.com/uc?export=download&id=1peUNc89L4xa8EIXAKj3syE-yKpNJpeLt
313,CC-Antya.06.211-271,Hin_CC-Antya.06.211-271_ISKCON_Angul_17-07-20.mp3,17-07-20,2020,LECTURE,Hin,Angul,Hindi,https://drive.google.com/uc?export=download&id=1r5DaAcilai93n86mGLpAnb2t4dZqpnoD
314,CC-Antya.06.145-210,Hin_CC-Antya.06.145-210_ISKCON_Angul_16-07-20.mp3,16-07-20,2020,LECTURE,Hin,Angul,Hindi,https://drive.google.com/uc?export=download&id=1EY7JlM9SpPg8s0BZB40H7Sby04QwIpqL
315,CC-Antya.06.101-144,Hin_CC-Antya.06.101-144_ISKCON_Angul_15-07-20.mp3,15-07-20,2020,LECTURE,Hin,Angul,Hindi,https://drive.google.com/uc?export=download&id=1Ac_RjXGZyWvkyuow4id6CTOpI5LqYosI
316,CC-Antya.06.44-100,Hin_CC-Antya.06.44-100_ISKCON_Angul_14-07-20.mp3,14-07-20,2020,LECTURE,Hin,Angul,Hindi,https://drive.google.com/uc?export=download&id=1HAybdpGDmSOMkdRoG1PPy4bb_W-tv8yW
317,CC-Antya.06.01-43,Hin_CC-Antya.06.01-43_ISKCON_Angul_13-07-20.mp3,13-07-20,2020,LECTURE,Hin,Angul,Hindi,https://drive.google.com/uc?export=download&id=1uAZO0vPn9aul4rRtLdcKAbYkREKYkrpU
318,CC-Antya.05.136-164,Hin_CC-Antya.05.136-164_ISKCON_Angul_12-07-20.mp3,12-07-20,2020,LECTURE,Hin,Angul,Hindi,https://drive.google.com/uc?export=download&id=1l19xekm1KTgHn8T03eGs4Eo0SktMwQoL
319,CC-Antya.05.123-135,Hin_CC-Antya.05.123-135_ISKCON_Angul_11-07-20.mp3,11-07-20,2020,LECTURE,Hin,Angul,Hindi,https://drive.google.com/uc?export=download&id=1TKwP44qJR3KaRqXCXmm7PrXTKsHcDrCE
320,CC-Antya.05.79-122,Hin_CC-Antya.05.79-122_ISKCON_Angul_29-06-20.mp3,29-06-20,2020,LECTURE,Hin,Angul,Hindi,https://drive.google.com/uc?export=download&id=1_M_4rKYpyRCZy5J0Gwv-PSgGfwi5UkD_
321,Srila,Hin_Srila_Gour_Govinda_Goswami_maharaj_28th_tirobhav_tithi_Vrindavan_01-03-24.mp3,01-03-24,2024,LECTURE,Hin,Vrindavan,Hindi,https://drive.google.com/uc?export=download&id=14GrI2JRiSoFHQPSPK21IfMsOZygxSP9z
322,BG-17.03,Hin_BG-17.03_Sraddha_ke_prakar_bhed_ISKCON_Vrindavan_27-02-24.mp3,27-02-24,2024,LECTURE,Hin,Vrindavan,Hindi,https://drive.google.com/uc?export=download&id=1KcXoekuxOr5XJdPoKtrSH2luDoFBTF_F
323,CC-Antya.05.38-78,Hin_CC-Antya.05.38-78_ISKCON_Angul_28-06-20.mp3,28-06-20,2020,LECTURE,Hin,Angul,Hindi,https://drive.google.com/uc?export=download&id=15j7f9AQAYl4gaadpJg2k1DyJQDGgmkoa
324,CC-Antya.05.01-37,Hin_CC-Antya.05.01-37_ISKCON_Angul_27-06-20.mp3,27-06-20,2020,LECTURE,Hin,Angul,Hindi,https://drive.google.com/uc?export=download&id=1Bl-PNcPqNXg_RtvEk2qSK_R0zvPwBMgU
325,CC-Antya.04.174-239,Hin_CC-Antya.04.174-239_ISKCON_Angul_26-06-20.mp3,26-06-20,2020,LECTURE,Hin,Angul,Hindi,https://drive.google.com/uc?export=download&id=1om__wclvuFzK2nCuoBzpzFl-WqyLcmVG
326,CC-Antya.04.136-173,Hin_CC-Antya.04.136-173_ISKCON_Angul_25-06-20.mp3,25-06-20,2020,LECTURE,Hin,Angul,Hindi,https://drive.google.com/uc?export=download&id=1UbGfnFbJYDtAVNZDLBZeyHT7tnHEm4sA
327,CC-Antya.04.86-135,Hin_CC-Antya.04.86-135_ISKCON_Angul_24-06-20.mp3,24-06-20,2020,LECTURE,Hin,Angul,Hindi,https://drive.google.com/uc?export=download&id=1Ifjqyc7tNIz8aKVo6qKquKwE5iVpyGMr
328,Nityanda,Hin_Nityanda_Trayodashi_ISKCON_Vrindavan_22-02-24.mp3,22-02-24,2024,LECTURE,Hin,Vrindavan,Hindi,https://drive.google.com/uc?export=download&id=19S-0TjYNu7k50SJ363DomrnDq1CXicMF
329,BG-16.21,Hin_BG-16.21_Kam_adi_ke_seva_tyag_kar_Yadupati_ki_seva_karna_ISKCON_Vrindavan_20-02-24.mp3,20-02-24,2024,LECTURE,Hin,Vrindavan,Hindi,https://drive.google.com/uc?export=download&id=1D3pqQOtwQFQXuDZSQQDgZ62n8JLaMqD5
330,CC-Antya.04.51-85,Hin_CC-Antya.04.51-85_ISKCON_Angul_20-06-20.mp3,20-06-20,2020,LECTURE,Hin,Angul,Hindi,https://drive.google.com/uc?export=download&id=1IBXL61dDwdGSovzpBaKxiecc1Mqk8mW0
331,CC-Antya.04.01-50,Hin_CC-Antya.04.01-50_ISKCON_Angul_19-06-20.mp3,19-06-20,2020,LECTURE,Hin,Angul,Hindi,https://drive.google.com/uc?export=download&id=1kI2E9KGkzjVDbHg3svMFupML0rGchgSs
332,CC-Antya.03.247-272,Hin_CC-Antya.03.247-272_ISKCON_Angul_18-06-20.mp3,18-06-20,2020,LECTURE,Hin,Angul,Hindi,https://drive.google.com/uc?export=download&id=11u4s2OH37EkQBPDOg5OoVhj2LWHQfTl-
333,CC-Antya.03.214-246,Hin_CC-Antya.03.214-246_ISKCON_Angul_17-06-20.mp3,17-06-20,2020,LECTURE,Hin,Angul,Hindi,https://drive.google.com/uc?export=download&id=1tbNy0Uyeh3Dhm3vuKL5gJVobCqW64X08
334,CC-Antya.03.150-213,Hin_CC-Antya.03.150-213_ISKCON_Angul_16-06-20.mp3,16-06-20,2020,LECTURE,Hin,Angul,Hindi,https://drive.google.com/uc?export=download&id=1nxqOrgcGyIaSL_7_5KGJSy6PRg8T_8fP
335,CC-Antya.03.102-149,Hin_CC-Antya.03.102-149_ISKCON_Angul_15-06-20.mp3,15-06-20,2020,LECTURE,Hin,Angul,Hindi,https://drive.google.com/uc?export=download&id=1kiHwdY6wO27_e65udPHeIkGyleavXqu5
336,CC-Antya.03.60-101,Hin_CC-Antya.03.60-101_ISKCON_Angul_06-06-20.mp3,06-06-20,2020,LECTURE,Hin,Angul,Hindi,https://drive.google.com/uc?export=download&id=1JiEroUg5Y8h2BJRhNemGSTpCo9NIAgjt
337,CC-Antya.03.01-59,Hin_CC-Antya.03.01-59_ISKCON_Angul_04-06-20.mp3,04-06-20,2020,LECTURE,Hin,Angul,Hindi,https://drive.google.com/uc?export=download&id=1BUGjaLjkUMnYb1FIgcZDdw4zbUb8qLYr
338,CC-Antya.02.138-172,Hin_CC-Antya.02.138-172_ISKCON_Angul_03-06-20.mp3,03-06-20,2020,LECTURE,Hin,Angul,Hindi,https://drive.google.com/uc?export=download&id=1UPieQ1Zc7NsegCprTG-ULgyZIBF4EhoW
339,CC-Antya.02.84-137,Hin_CC-Antya.02.84-137_ISKCON_Angul_02-06-20.mp3,02-06-20,2020,LECTURE,Hin,Angul,Hindi,https://drive.google.com/uc?export=download&id=1PI9T30mfbFhvToBgVcpS-7TOx97t0Hgv
340,CC-Antya.02.01-83,Hin_CC-Antya.02.01-83_ISKCON_Angul_01-06-20.mp3,01-06-20,2020,LECTURE,Hin,Angul,Hindi,https://drive.google.com/uc?export=download&id=1a54uuk6aJ6oKN2jWP7S4RLk7FPN1sIno
341,Panihati,Hin_Panihati_chida_dadhi_mahotsav_ISKCON_Angul_03-06-20.mp3,03-06-20,2020,LECTURE,Hin,Angul,Hindi,https://drive.google.com/uc?export=download&id=1Q_zpdPchzooSnlnMxwN0Q42KV9XQ4EMu
342,CC-Antya.01.01-64,Hin_CC-Antya.01.01-64_ISKCON_Angul_27-05-20.mp3,27-05-20,2020,LECTURE,Hin,Angul,Hindi,https://drive.google.com/uc?export=download&id=1-MZmUaX4eFxm8XnBrON1T1vjHX7nCgRp
343,CC-Antya.01.183-223,Hin_CC-Antya.01.183-223_ISKCON_Angul_31-05-20.mp3,31-05-20,2020,LECTURE,Hin,Angul,Hindi,https://drive.google.com/uc?export=download&id=13Dy92IiiukOEEUlp4NAXzUGDLXmOVh4B
344,CC-Antya.01.150-180,Hin_CC-Antya.01.150-180_ISKCON_Angul_30-05-20.mp3,30-05-20,2020,LECTURE,Hin,Angul,Hindi,https://drive.google.com/uc?export=download&id=12xtsuIwF2CwkG9BmnfymN1QKMaqctoR0
345,CC-Antya.01.113-149,Hin_CC-Antya.01.113-149_ISKCON_Angul_29-05-20.mp3,29-05-20,2020,LECTURE,Hin,Angul,Hindi,https://drive.google.com/uc?export=download&id=1IIxQAKUnsC2LnVbPFwSdaB5iWv8G6Fur
346,CC-Antya.01.65-112,Hin_CC-Antya.01.65-112_ISKCON_Angul_28-05-20.mp3,28-05-20,2020,LECTURE,Hin,Angul,Hindi,https://drive.google.com/uc?export=download&id=1IAeR0fPKSvCVz5fcXn4jKLxaluGNzD1A
347,CC-Madhya.25.215-283,Hin_CC-Madhya.25.215-283_ISKCON_Angul_26-05-20.mp3,26-05-20,2020,LECTURE,Hin,Angul,Hindi,https://drive.google.com/uc?export=download&id=1XV-XmZUbotMVGq-jTAwFbVNC3YtnCzw_
348,CC-Madhya.25.168-214,Hin_CC-Madhya.25.168-214_ISKCON_Angul_25-05-20.mp3,25-05-20,2020,LECTURE,Hin,Angul,Hindi,https://drive.google.com/uc?export=download&id=18giTD8a8__sU6nWt8gYWTCa7zvLcEBcJ
349,CC-Madhya.25.128-167,Hin_CC-Madhya.25.128-167_ISKCON_Angul_24-05-20.mp3,24-05-20,2020,LECTURE,Hin,Angul,Hindi,https://drive.google.com/uc?export=download&id=1pTrtuGbq8WjyD1fabpg6n0nO0FPAU2bs
350,CC-Madhya.25.51-127,Hin_CC-Madhya.25.51-127_ISKCON_Angul_23-05-20.mp3,23-05-20,2020,LECTURE,Hin,Angul,Hindi,https://drive.google.com/uc?export=download&id=17t7r63eo4xefBczPCAupM4fMg7TPVmWq
351,CC-Madhya.25.01-50,Hin_CC-Madhya.25.01-50_ISKCON_Angul_22-05-20.mp3,22-05-20,2020,LECTURE,Hin,Angul,Hindi,https://drive.google.com/uc?export=download&id=1J2Dba-W01BxEin5h_AuaGk2gwp8WnxUw
352,CC-Madhya.24.331-355,Hin_CC-Madhya.24.331-355_ISKCON_Angul_21-05-20.mp3,21-05-20,2020,LECTURE,Hin,Angul,Hindi,https://drive.google.com/uc?export=download&id=1GRvg5VuYSZ7YoQ_nbhTaugbPq6yDUO-g
353,CC-Madhya.24.282-330,Hin_CC-Madhya.24.282-330_ISKCON_Angul_20-05-20.mp3,20-05-20,2020,LECTURE,Hin,Angul,Hindi,https://drive.google.com/uc?export=download&id=1WCf3W5PlwZEg6pv7O-6V1FTmQOT4sY5Q
354,CC-Madhya.24.206-230,Hin_CC-Madhya.24.206-230_ISKCON_Angul_18-05-20.mp3,18-05-20,2020,LECTURE,Hin,Angul,Hindi,https://drive.google.com/uc?export=download&id=1FY27WxgZFFSa5YV317x4efaZYsmLbbS1
355,CC-Madhya.24.183-24.205,Hin_CC-Madhya.24.183-24.205_ISKCON_Angul_17-05-20.mp3,17-05-20,2020,LECTURE,Hin,Angul,Hindi,https://drive.google.com/uc?export=download&id=1ouvMCi3RcMBf2xTncH3vfynBrIPxJCLS
356,CC-Madhya.24.230-281,Hin_CC-Madhya.24.230-281_ISKCON_Angul_19-05-20.mp3,19-05-20,2020,LECTURE,Hin,Angul,Hindi,https://drive.google.com/uc?export=download&id=12kcTrh67OYutlDTEp13J3rDTIAkLQAMq
357,Nrsimha,Hin_Nrsimha_chaturdashi_ISKCON_Angul_06-05-20.mp3,06-05-20,2020,LECTURE,Hin,Angul,Hindi,https://drive.google.com/uc?export=download&id=1Mlk8BpHN4cfFXVhoJhWHQLZZVPOVWFQh
358,CC-Madhya.24.171-24.183,Hin_CC-Madhya.24.171-24.183_ISKCON_Angul_16-05-20.mp3,16-05-20,2020,LECTURE,Hin,Angul,Hindi,https://drive.google.com/uc?export=download&id=1PjcBILG6YQLUIn0S_2MIt67NNLtRLMXZ
359,CC-Madhya.24.126-24.170,Hin_CC-Madhya.24.126-24.170_BBSR_29-04-20.mp3,29-04-20,2020,LECTURE,Hin,Unknown,Hindi,https://drive.google.com/uc?export=download&id=1rxmnSqyaMT2AqmTDdHmnR7PkXgn0Q86N
360,CC-Madhya.24.64-24.126,Hin_CC-Madhya.24.64-24.126_BBSR_28-04-20.mp3,28-04-20,2020,LECTURE,Hin,Unknown,Hindi,https://drive.google.com/uc?export=download&id=1AKcRhdB4757gXzjjjaWONtn66FfGtmcx
361,CC-Madhya.24.01-24.64,Hin_CC-Madhya.24.01-24.64_BBSR_27-04-20.mp3,27-04-20,2020,LECTURE,Hin,Unknown,Hindi,https://drive.google.com/uc?export=download&id=1QbvlN5qb9v5Slnv-UQ_bnvL1GKQVRrWa
362,CC-Madhya.23.57-23.127,Hin_CC-Madhya.23.57-23.127_BBSR_26-04-20.mp3,26-04-20,2020,LECTURE,Hin,Unknown,Hindi,https://drive.google.com/uc?export=download&id=1IP9Zz3ULN0l36ZHLyWigy2NJEoj1_tU9
363,CC-Madhya.23.01-23.57,Hin_CC-Madhya.23.01-23.57_BBSR_25-04-20.mp3,25-04-20,2020,LECTURE,Hin,Unknown,Hindi,https://drive.google.com/uc?export=download&id=1KlArt9lU9_R89ljlrZKYR6oIQk1nlJt0
364,CC-Madhya.22.140-22.169,Hin_CC-Madhya.22.140-22.169_BBSR_24-04-20.mp3,24-04-20,2020,LECTURE,Hin,Unknown,Hindi,https://drive.google.com/uc?export=download&id=1vErQNtANioBr9auAmiO_1oQEMTyk7jYR
365,Sri,Hin_Sri_Gadadhar_pandit_abirbhav_tithi_BBSR_23-04-20.mp3,23-04-20,2020,LECTURE,Hin,Unknown,Hindi,https://drive.google.com/uc?export=download&id=1En7LF4bqJsC6msviFkwN0LmcZ0USgXNB
366,CC-Madhya.22.106-22.140,Hin_CC-Madhya.22.106-22.140_BBSR_22-04-20.mp3,22-04-20,2020,LECTURE,Hin,Unknown,Hindi,https://drive.google.com/uc?export=download&id=1kPVLuxl44lDnkdjPj_sfK78yRU7c1Ik3
367,CC-Madhya.22.88-22.106,Hin_CC-Madhya.22.88-22.106_BBSR_21-04-20.mp3,21-04-20,2020,LECTURE,Hin,Unknown,Hindi,https://drive.google.com/uc?export=download&id=1nbZXLysjt2sDOHy3vgBRlOxk8i-wla7a
368,CC-Madhya.22.64-22.87,Hin_CC-Madhya.22.64-22.87_BBSR_20-04-20.mp3,20-04-20,2020,LECTURE,Hin,Unknown,Hindi,https://drive.google.com/uc?export=download&id=1L3GmTJCgNbX_K-QY084RP2DFStoYOpw3
369,CC-Madhya.22.37-22.64,Hin_CC-Madhya.22.37-22.64_BBSR_19-04-20.mp3,19-04-20,2020,LECTURE,Hin,Unknown,Hindi,https://drive.google.com/uc?export=download&id=1706UCHY5o7k8-1evAs2W242FcO8OADoY
370,CC-Madhya.21.140-22.36,Hin_CC-Madhya.21.140-22.36_BBSR_18-04-20.mp3,18-04-20,2020,LECTURE,Hin,Unknown,Hindi,https://drive.google.com/uc?export=download&id=1KlyAAKMyMViegzZPid8KANiNXcB2x_SC
371,CC-Madhya.21.91-139,Hin_CC-Madhya.21.91-139_BBSR_17-04-20.mp3,17-04-20,2020,LECTURE,Hin,Unknown,Hindi,https://drive.google.com/uc?export=download&id=1dKsfd9EsbuqprSndrazIDni6Jm7EAyoe
372,CC-Madhya.21.01-90,Hin_CC-Madhya.21.01-90_BBSR_16-04-20.mp3,16-04-20,2020,LECTURE,Hin,Unknown,Hindi,https://drive.google.com/uc?export=download&id=1s7pxgWlmmmyvHvfYTm12oGYF20UJWIoJ
373,CC-Madhya.20.336-406,Hin_CC-Madhya.20.336-406_BBSR_15-04-20.mp3,15-04-20,2020,LECTURE,Hin,Unknown,Hindi,https://drive.google.com/uc?export=download&id=1MxsWEEr29Q3x-zccSGqXvooViIUlIuza
374,CC-Madhya.20.270-335,Hin_CC-Madhya.20.270-335_BBSR_14-04-20.mp3,14-04-20,2020,LECTURE,Hin,Unknown,Hindi,https://drive.google.com/uc?export=download&id=1pTHiaHBsl7kg3eP0M4shQi32OMpgyffA
375,CC-Madhya.20.164-270,Hin_CC-Madhya.20.164-270_BBSR_13-04-20.mp3,13-04-20,2020,LECTURE,Hin,Unknown,Hindi,https://drive.google.com/uc?export=download&id=1q0DgEOxONCbAxgOa9k--gLP6N3C9BPVZ
376,SB-10.63.35-36,Hin_SB-10.63.35-36_Sarva_vyapak_Bhagavan_Sri_Krishna_ISKCON_Juhu_06-01-24.mp3,06-01-24,2024,SB,Hin,Unknown,Hindi,https://drive.google.com/uc?export=download&id=1sdjif02it7PABDu9UQBej2onIr6eZs-l
377,CC-Madhya.20.125-164,Hin_CC-Madhya.20.125-164_BBSR_12-04-20.mp3,12-04-20,2020,LECTURE,Hin,Unknown,Hindi,https://drive.google.com/uc?export=download&id=1hrTNcGvvKGJs6K-sghMPBzr-EQVfBVJy
378,CC-Madhya.20.99-125,Hin_CC-Madhya.20.99-125_BBSR_11-04-20.mp3,11-04-20,2020,LECTURE,Hin,Unknown,Hindi,https://drive.google.com/uc?export=download&id=1EPrpasoRV6cY1tERooAZu1s3PlM4YTPN
379,CC-Madhya.20.60-99,Hin_CC-Madhya.20.60-99_BBSR_10-04-20.mp3,10-04-20,2020,LECTURE,Hin,Unknown,Hindi,https://drive.google.com/uc?export=download&id=1zOhcPG3f_ZKO0VZ7EbhvTjcEB8EeSVgW
380,CC-Madhya.20.01-60,Hin_CC-Madhya.20.01-60_BBSR_09-04-20.mp3,09-04-20,2020,LECTURE,Hin,Unknown,Hindi,https://drive.google.com/uc?export=download&id=1Ul4v90WSe_0wjpMa_dHOLBKc__KavLZZ
381,CC-Madhya.19.200-257,Hin_CC-Madhya.19.200-257_BBSR_03-04-20.mp3,03-04-20,2020,LECTURE,Hin,Unknown,Hindi,https://drive.google.com/uc?export=download&id=1BXyH0xBAyawhQZfoNaTmxFcGf0eLE6T6
382,CC-Madhya.19.144-162,Hin_CC-Madhya.19.144-162_BBSR_31-03-20.mp3,31-03-20,2020,LECTURE,Hin,Unknown,Hindi,https://drive.google.com/uc?export=download&id=1yzUDUETfjNUWT3ckH47ZL7n2h29FbCWn
383,CC-Madhya.19.108-143,Hin_CC-Madhya.19.108-143_BBSR_30-03-20.mp3,30-03-20,2020,LECTURE,Hin,Unknown,Hindi,https://drive.google.com/uc?export=download&id=1ecv5z9gUjjgM4v3B7FTfpMSbLEuiCgjP
384,CC-Madhya.19.1-66,Hin_CC-Madhya.19.1-66_BBSR_28-03-20.mp3,28-03-20,2020,LECTURE,Hin,Unknown,Hindi,https://drive.google.com/uc?export=download&id=1yYR9vxE_Uep0iEUc6qRxP-tJJm3Ywcrw
385,CC-Madhya.19.67-108,Hin_CC-Madhya.19.67-108_BBSR_29-03-20.mp3,29-03-20,2020,LECTURE,Hin,Unknown,Hindi,https://drive.google.com/uc?export=download&id=1mwbL9x95SC78PpT15-qJtTfAF7QWbZyT
386,CC-Antya-4.82,Hin_CC-Antya-4.82_Chaitanya_mahaprabhu_ke_abirbhav_ka_antarang_karan_ISKCON_Angul-19-11-22.mp3,19-11-22,2022,LECTURE,Hin,Angul,Hindi,https://drive.google.com/uc?export=download&id=1u4vfTAhCG--XNZTsinnUNUvmEyUGuTXI
387,Prabhupada,Hin_Prabhupada_ke_antim_nirdesh_ISKCON_Vrindavan-16-11-23.mp3,16-11-23,2023,LECTURE,Hin,Vrindavan,Hindi,https://drive.google.com/uc?export=download&id=191QwXDkH5lype1eL6GLrgH2DQGbsaIyE
388,Damodar,Hin_Damodar_leela_ISKCON_Gurukul_Vrindavan_29-10-23.mp3,29-10-23,2023,LECTURE,Hin,Vrindavan,Hindi,https://drive.google.com/uc?export=download&id=1XOWMgsPdaBraEM5Ab2b1ILOEkII3yZV8
389,Dikshya,Hin_Dikshya_pravachan_ISKCON_Jaipur-24-10-23.mp3,24-10-23,2023,LECTURE,Hin,Unknown,Hindi,https://drive.google.com/uc?export=download&id=1hvc39vEoWgMcjmzkGQbRjbjhwk4rafEz
390,BG-13.1-2,Hin_BG-13.1-2_Kshetra_aur_Kshetrajna_IKCON_Vrindavan_03-11-23.mp3,03-11-23,2023,LECTURE,Hin,Vrindavan,Hindi,https://drive.google.com/uc?export=download&id=1Y8QYHo5b-VPzlgkQYCWQC4WAJ7BCTHno
391,param,Hin_param_dayalu_Sri_Gauranga_Mahaprabhu_Shillong_06-05-23.mp3,06-05-23,2023,LECTURE,Hin,Unknown,Hindi,https://drive.google.com/uc?export=download&id=1wp_hsr7g7d2vigNlGZMdN4T3FHBOsadf
392,Addressing,Hin_Addressing_IYF_ISKCON_Shillong_06-05-23.mp3,06-05-23,2023,LECTURE,Hin,Unknown,Hindi,https://drive.google.com/uc?export=download&id=1IjfKGX3a8gv-pqTaXgvyRoA_9LqBxxOd
393,SB-04.08.22,Hin_SB-04.08.22_Mata_Suniti_ki_Dhruv_maharaj_ko_upadesh_ISKCON_Shillong_07-05-23.mp3,07-05-23,2023,SB,Hin,Unknown,Hindi,https://drive.google.com/uc?export=download&id=1Z2RRyBppc0Koc30NV2aePDgXFzPX42nC
394,SB-08.08.10-11,Hin_SB-08.08.10-11_devtaon_dvara_Lakshmiji_ki_swagat_ISKCON_Vrindavan_25-05-23.mp3,25-05-23,2023,SB,Hin,Vrindavan,Hindi,https://drive.google.com/uc?export=download&id=1sPRkYq3gV8DLZXkbr8kv-XQd6B1TTdIa
395,SB-04.08.14-16,Hin_SB-04.08.14-16_vimata_ke_dwara_Dhruv_maharaj_ka apaman_ISKCON_Guwahati_09-05-23.mp3,09-05-23,2023,SB,Hin,Unknown,Hindi,https://drive.google.com/uc?export=download&id=1p9fGqosKZYJ6RJFx-OR5M3MXNnsf_13o
396,Jagannath,Hin_Jagannath_Katha_ISKCON_Guwahati_09-05-23.mp3,09-05-23,2023,LECTURE,Hin,Unknown,Hindi,https://drive.google.com/uc?export=download&id=1G7rRYOKQjvFWt4Dc5rfpb5Wp63REqGYb
397,BG-10.10,Hin_BG-10.10_Bhagavan_Krishna_ki_nirantar_chinta_karna_Shillong_05-05-23.mp3,05-05-23,2023,LECTURE,Hin,Unknown,Hindi,https://drive.google.com/uc?export=download&id=1hfQFAJvIBBf33BlTQIa5fdDlEaI9LLzV
398,Bhagavan,Hin_Bhagavan_ke_saran_mai_jane_ka_upaya_ISKCON_Shillong_06-05-23.mp3,06-05-23,2023,LECTURE,Hin,Unknown,Hindi,https://drive.google.com/uc?export=download&id=13VauslUvENsGsJoP4DfEBlSWxqqlfpSo
399,Nrsimha,Hin_Nrsimha_chaturdashi_ISKCON_Shillong_04-05-23.mp3,04-05-23,2023,LECTURE,Hin,Unknown,Hindi,https://drive.google.com/uc?export=download&id=10Y5zWOsJc1nv1rsV3UrRSvTNdSQFmJiA
400,Arrival,Hin_Arrival_address_ISKCON_Shillong_03-05-23.mp3,03-05-23,2023,LECTURE,Hin,Unknown,Hindi,https://drive.google.com/uc?export=download&id=1T8wn06TgKjpV8Aj6Rd0IDiTgS4IAJUwn
401,SB-10.03.15-17,Hin_SB-10.03.15-17_Bhagavan_ki_achintya_sakti_ISKCON_Baroda_25-04-23.mp3,25-04-23,2023,SB,Hin,Unknown,Hindi,https://drive.google.com/uc?export=download&id=1LBWCSpyq-PyR7Lxxp8xPUM4RUX_lRaZM
402,Narasimhadev,Hin_Narasimhadev_leela_ISKCON_Bhavnagar_23-04-23.mp3,23-04-23,2023,LECTURE,Hin,Unknown,Hindi,https://drive.google.com/uc?export=download&id=1xSsyzGDwkJ3m7Fk2hoqwdlqspRYRzx98
403,SB-03.31.10,Hin_SB-03.31.10_Sare_jivon_ke_kalyan_ki_chinta_ISKCON_Bhavnagar_23-04-23.mp3,23-04-23,2023,SB,Hin,Unknown,Hindi,https://drive.google.com/uc?export=download&id=1hjl9lJlwkAEnALRNje7cd_b97oCyj7XK
404,Krishna,Hin_Krishna_leela_Bhavnagar__22-04-23.mp3,22-04-23,2023,LECTURE,Hin,Unknown,Hindi,https://drive.google.com/uc?export=download&id=1wDkxKofvDsmv1t5GurA-JOdn5HaB7TGI
405,SB-03.31.09,Hin_SB-03.31.09_Janm_ke_samaya_ka_kast_ISKCON_Bhavnagar_22-04-23.mp3,22-04-23,2023,SB,Hin,Unknown,Hindi,https://drive.google.com/uc?export=download&id=1VtUfbIlzl6g-wqeC8KmOvexalpTMyWn9
406,SB-10.02.06-10,Hin_SB-10.02.06-10_Gopal_balkon_ka_soubhagya_ISKCON_Ahemdabad_21-04-23.mp3,21-04-23,2023,SB,Hin,Unknown,Hindi,https://drive.google.com/uc?export=download&id=1uGt-EkXjRc7MNWi5GtgXzyLD6jdpznNV
407,BG-09.27,Hin_BG-09.27_Krishna_ke_prati_samarpita_karm_ISKCON_Ahemdabad_20-04-23.mp3,20-04-23,2023,LECTURE,Hin,Unknown,Hindi,https://drive.google.com/uc?export=download&id=1dwVgpzBFJRAVA9vGvPSQ3wcwdrSyzwm5
408,SB-10.02.04-05,Hin_SB-10.02.04-05_Sri_Krishna_ki_bal_lilayen_ISKCON_Ahemdabad_20-04-23.mp3,20-04-23,2023,SB,Hin,Unknown,Hindi,https://drive.google.com/uc?export=download&id=1NwWU652rmEatQCVu2fiN8yC-yrXUIa3w
409,SB-10.03.09-10,Hin_SB-10.03.09-10_Bhagavan_ka_adbhut_rup_ISKCON_Baroda_19-04-23.mp3,19-04-23,2023,SB,Hin,Unknown,Hindi,https://drive.google.com/uc?export=download&id=1vcCG0Hqaw_1mydOh0M7AO9Hh5enpv0Sr
410,BG-04.17,Hin_BG-04.17_Karma_ka_vigyan_ISKCON_Ahemdabad_19-04-23.mp3,19-04-23,2023,LECTURE,Hin,Unknown,Hindi,https://drive.google.com/uc?export=download&id=1eJddPmGzXf2sSP3ePxgFkd1TiwO8kaPb
411,SB-10.03.06-08,Hin_SB-10.03.06-08_bhakton_ke_bhi_sarir_divya_hai_ISKCON_Baroda_18-04-23.mp3,18-04-23,2023,SB,Hin,Unknown,Hindi,https://drive.google.com/uc?export=download&id=18Djm4XPUbirh1Bj1HHj_ECJDCXzpj_0a
412,SB-04.08.23,Hin_SB-04.08.23_Bhakti_mai_drudh_kaise_bane_ISKCON_Baroda_17-04-23.mp3,17-04-23,2023,SB,Hin,Unknown,Hindi,https://drive.google.com/uc?export=download&id=1gZv4VdrychprmiABFJPGdT96F5HKpXok
413,Krishna,Hin_Krishna_naam_ki_mahima_Sunday_feast_lec_ISKCON_SURAT_16-04-23.mp3,16-04-23,2023,LECTURE,Hin,Unknown,Hindi,https://drive.google.com/uc?export=download&id=1v2rPSTElt0kwOEDnCz5N-gO62mpnQsOI
414,Addressing,Hin_Addressing_youths_ISKCON_Surat_16-04-23.mp3,16-04-23,2023,LECTURE,Hin,Unknown,Hindi,https://drive.google.com/uc?export=download&id=1B952q_t5QVhI3C5YuU-HZkcBG4V7Ow5g
415,SB-11.05.03,Hin_SB-11.05.03_Bhagavan_ki_avmanana_na_kare_ISKCON_Surat_16-04-23.mp3,16-04-23,2023,SB,Hin,Unknown,Hindi,https://drive.google.com/uc?export=download&id=1bT3TDcaJuvG5WP07qLDgMUxbqe78IRY5
416,BG-08.05,Hin_BG-08.05_Bhagavan_ke_charon_mai_sthan_Amroli_Surat_15-04-23.mp3,15-04-23,2023,LECTURE,Hin,Unknown,Hindi,https://drive.google.com/uc?export=download&id=1Bsgq2Rh8koDEbAZ4zOrg4iqjg4hVFONM
417,SB-03.08.27,Hin_SB-03.08.27_dukhon_ko_harne_wala_hasya_ISKCON_Vesu_Surat_15-04-23.mp3,15-04-23,2023,SB,Hin,Unknown,Hindi,https://drive.google.com/uc?export=download&id=1Nr5mgXIeHWc_Ik1Uz4lWNe4x2oolVQlG
418,BG-09.25,Hin_BG-09.25_Upasana_ke_anurup_phal_Surat_14-04-23.mp3,14-04-23,2023,LECTURE,Hin,Unknown,Hindi,https://drive.google.com/uc?export=download&id=1KIJNQZ7xsBxQQdReOBuS3Fq6SQ3zKmKe
419,SB-01.06.01,Hin_SB-01.06.01_Vyasadev_ji_ko_Narad_muni_ki_krupa_Surat_14-04-23.mp3,14-04-23,2023,SB,Hin,Unknown,Hindi,https://drive.google.com/uc?export=download&id=1mHlZUwU-L9bE43dHzTAu30kOv100OZ62
420,SB-11.05.41,Hin_SB-11.05.41_Sare_rin_se_mukti_Angul_26-03-23.mp3,26-03-23,2023,SB,Hin,Angul,Hindi,https://drive.google.com/uc?export=download&id=1eTdz-MKuXMtdcuIaaoLta8iEkJ4HySil
421,SB-01.02.19,Hin_SB-01.02.19_Sukh_prapti_ka_upaya_Ankleswar_Bharuch_12-04-23.mp3,12-04-23,2023,SB,Hin,Unknown,Hindi,https://drive.google.com/uc?export=download&id=1B_hqEf_KMK_j_uqDAZ7WyX6nQUk6cqjx
422,BG-02.14,Hin_BG-02.14_Krishna_chetna_mai_karma_Bharuch_Gujurat_11-04-23.mp3,11-04-23,2023,LECTURE,Hin,Unknown,Hindi,https://drive.google.com/uc?export=download&id=1yzpImo14hmhkdbEPzMblRgQDXiWKyg9K
423,SB-01.10.17,Hin_SB-01.10.17_learn_to_cry_for_krishna_ISKCON_Bharuch_11-04-23.mp3,11-04-23,2023,SB,Hin,Unknown,Hindi,https://drive.google.com/uc?export=download&id=1pmIRX7af3iFgI6SyX1pnKGCsQI-uIp20
424,SB-10.77.02,Hin_SB-10.77.02_ISKCON_VVNagar_11-04-23.mp3,11-04-23,2023,SB,Hin,Unknown,Hindi,https://drive.google.com/uc?export=download&id=1o0-D8jAvX3xrMlmsymus_7I89j1K4ILz
425,Jagannath,Hin_Jagannath_Katha_ISKCON_VVNagar_Gujurat_10-04-23.mp3,10-04-23,2023,LECTURE,Hin,Unknown,Hindi,https://drive.google.com/uc?export=download&id=16qrzworR5xPMMmIB5IttawTrjPi2U_N5
426,Gour,Hin_Gour_Purnima_festival_ISKCON_Vrindavan_07-03-23.mp3,07-03-23,2023,LECTURE,Hin,Vrindavan,Hindi,https://drive.google.com/uc?export=download&id=1qlmWSkbhtGEVZSTvZJMW7x-agDsrMecB
427,CC-Adi.02.11,Hin_CC-Adi.02.11_ISKCON_Vrn_27-02-23.mp3,27-02-23,2023,LECTURE,Hin,Unknown,Hindi,https://drive.google.com/uc?export=download&id=1il-CNyyAjJT9qKqHfWG07NPfefB9BfPo
428,Gour,Hin_Gour_Purnima_festival_ISKCON_Vrindavan_18-03-22.mp3,18-03-22,2022,LECTURE,Hin,Vrindavan,Hindi,https://drive.google.com/uc?export=download&id=1LZnvowgQUdt9IvaL1HJ_5kQoZjyJNS-6
429,BSST,Hin_BSST_appearance_Jaipur_11-02-23.mp3,11-02-23,2023,LECTURE,Hin,Unknown,Hindi,https://drive.google.com/uc?export=download&id=1OKSG1w9wnQHR7-Y3ubtvhKxplnBYx84q
430,Brahmachari,Hin_Brahmachari_class_ISKCON_Jaipur_10-02-23.mp3,10-02-23,2023,LECTURE,Hin,Unknown,Hindi,https://drive.google.com/uc?export=download&id=1O2kdNYyvWiCOpjnOUZDxWYtVES4trrmb
431,Andhakupam,Hin_Andhakupam_SB-7.5.5_ISKCON_Jaipur_09-02-23.mp3,09-02-23,2023,SB,Hin,Unknown,Hindi,https://drive.google.com/uc?export=download&id=1CaHDIAOe3yT2Y15lRPIIuu_l4DfTcRP0
432,Sadanga,Hin_Sadanga_Saranagati_ISKCON_Vrn_07-03-22.mp3,07-03-22,2022,LECTURE,Hin,Unknown,Hindi,https://drive.google.com/uc?export=download&id=1FvZnwUc7szYkHwiFKaY9JRO4dwh9UR5s
433,Ideal,Hin_Ideal_grihastha_ashram_SB-07.14.02_ISKCON_Srimadhopur-Jaipur_08-02-23.mp3,08-02-23,2023,SB,Hin,Unknown,Hindi,https://drive.google.com/uc?export=download&id=1_MoKTYyapVTeVyFGoy_ZSuucnQo4NcTU
434,BG-09.03,Hin_BG-09.03_Chaumu_Jaipur_07-02-23.mp3,07-02-23,2023,LECTURE,Hin,Unknown,Hindi,https://drive.google.com/uc?export=download&id=1Ss7BxH7dHgkdMnxxZreVQscbO4DX-9Tx
435,SB-06.04.06,Hin_SB-06.04.06_ISKCON_Jaipur_07-02-23.mp3,07-02-23,2023,SB,Hin,Unknown,Hindi,https://drive.google.com/uc?export=download&id=1D5zW8uOf0yIyBrObFp5PuT2Rc_v_6Mtt
436,BG-11.55,Hin_BG-11.55_ISKCON_Jaipur_27-02-22.mp3,27-02-22,2022,LECTURE,Hin,Unknown,Hindi,https://drive.google.com/uc?export=download&id=1Zcj2ouMM3SXd5TiR5H-TbnLmru55Fh_L
437,SB-8.22.26,Hin_SB-8.22.26_ISKCON_Jaipur_26-02-22.mp3,26-02-22,2022,SB,Hin,Unknown,Hindi,https://drive.google.com/uc?export=download&id=1Hq-VePSMOkQqBx4cE5R6cNIQeCQG_TGL
438,SB-5.14.25,Hin_SB-5.14.25_ISKCON_Jaipur_25-02-22.mp3,25-02-22,2022,SB,Hin,Unknown,Hindi,https://drive.google.com/uc?export=download&id=1u07DTtOZLYrnBct7APiGmgSDGGNE8Ox2
439,Question,Hin_Question_Answer_with_aspiring_devs_ISKCON_Jaipur_06-02-23.mp3,06-02-23,2023,LECTURE,Hin,Unknown,Hindi,https://drive.google.com/uc?export=download&id=1_7FFnzxBGnLaQf-V916yyPK6_BzOkLgu
440,Never,Hin_Never_desire_material_things_from_Krishna_SB-4.9.31_ISKCON_Jaipur_05-02-23.mp3,05-02-23,2023,SB,Hin,Unknown,Hindi,https://drive.google.com/uc?export=download&id=1durFUK25eQs4dE4aOdeOzF15bDnUXSQM
441,Devotee,Hin_Devotee_wants_to_liberate_all_SB-7.9.44_Jaipur_05-02-23.mp3,05-02-23,2023,SB,Hin,Unknown,Hindi,https://drive.google.com/uc?export=download&id=1y6MDfRDcu94xZY3dVfJMYe3htYID9LbI
442,Most,Hin_Most_Merciful_Gour-Nitai_House-Prog_Jaipur_04-02-23.mp3,04-02-23,2023,LECTURE,Hin,Unknown,Hindi,https://drive.google.com/uc?export=download&id=1DUM3pxHwUFq6p4gzPayG4wzTpHLhaNHg
443,BG-9.22,Hin_BG-9.22_ISKCON_Jaipur_24-02-22.mp3,24-02-22,2022,LECTURE,Hin,Unknown,Hindi,https://drive.google.com/uc?export=download&id=1A_U8jqaTsJhX9f9wSr7CDmFGzNqBaL-1
444,CC-Antya.02.84-02.172,Hin_CC-Antya.02.84-02.172_ISKCON_Angul_17-02-22.mp3,17-02-22,2022,LECTURE,Hin,Angul,Hindi,https://drive.google.com/uc?export=download&id=1LiRmj7dWnHkz_tKNzOPHChh0uNGL9awS
445,Nityanda,Hin_Nityanda_Trayodashi_ISKCON_Vrindavan_03-02-23.mp3,03-02-23,2023,LECTURE,Hin,Vrindavan,Hindi,https://drive.google.com/uc?export=download&id=1qqSsWQN2zoIfYFKvIqPwVlqm6GUVWHyn
446,Nityanda,Hin_Nityanda_Trayodashi_ISKCON_Angul_14-02-22.mp3,14-02-22,2022,LECTURE,Hin,Angul,Hindi,https://drive.google.com/uc?export=download&id=1Wb2HJ6DpW0WQiR_U5DZsx5q7Ll6gc3Nr
447,CC-Antya.18.57-18.121,Hin_CC-Antya.18.57-18.121_ISKCON_Angul_28-01-22.mp3,28-01-22,2022,LECTURE,Hin,Angul,Hindi,https://drive.google.com/uc?export=download&id=1i9JZUULdoXgQBH5TM5e-d5W9QqoFRDXO
448,CC-Antya.17.64-18.56,Hin_CC-Antya.17.64-18.56_ISKCON_Angul_21-01-22.mp3,21-01-22,2022,LECTURE,Hin,Angul,Hindi,https://drive.google.com/uc?export=download&id=1V-mw7Sjpjx1CFBlWB7HEAOOZ2bf2dO4_
449,CC-Antya.17.31-17.62,Hin_CC-Antya.17.31-17.62_ISKCON_Angul_20-01-22.mp3,20-01-22,2022,LECTURE,Hin,Angul,Hindi,https://drive.google.com/uc?export=download&id=117ktjjSJPsXc-dsabpN3s5wKoCpkuBSw
450,CC-Antya.16.135-17.30,Hin_CC-Antya.16.135-17.30_ISKCON_Angul_19-01-22.mp3,19-01-22,2022,LECTURE,Hin,Angul,Hindi,https://drive.google.com/uc?export=download&id=16J9dKwO3kJoREN0QXF4jv0ExV-0xL4KJ
451,CC-Antya.16.113-16.134,Hin_CC-Antya.16.113-16.134_ISKCON_Angul_18-01-22.mp3,18-01-22,2022,LECTURE,Hin,Angul,Hindi,https://drive.google.com/uc?export=download&id=1guzckKFsfQSbsNdi8rJnTI0hviEBc0iX
452,CC-Antya.16.50-16.97,Hin_CC-Antya.16.50-16.97_ISKCON_Angul_17-01-22.mp3,17-01-22,2022,LECTURE,Hin,Angul,Hindi,https://drive.google.com/uc?export=download&id=1mA1oGuXqkYni12pRsc-L3iJRjTmjXRy1
453,CC-Antya.16.25-16.50,Hin_CC-Antya.16.25-16.50_ISKCON_Angul_16-01-22.mp3,16-01-22,2022,LECTURE,Hin,Angul,Hindi,https://drive.google.com/uc?export=download&id=1-H4viOQWV1TiS1QQ7PtyIg6Kr5IVrO12
454,CC-Antya.15.77-16.24,Hin_CC-Antya.15.77-16.24_ISKCON_Angul_15-01-22.mp3,15-01-22,2022,LECTURE,Hin,Angul,Hindi,https://drive.google.com/uc?export=download&id=1LHM67ovBGhsB0T-yjgk4-gbpQjBTpQWQ
455,Pushyabhishek,Hin_Pushyabhishek_ISKCON_Angul_12-01-22.mp3,12-01-22,2022,LECTURE,Hin,Angul,Hindi,https://drive.google.com/uc?export=download&id=1RdtUYbEdlgB8h3GlfwTwh8gLX10WHiKp
456,Gocharan,Hin_Gocharan_leela_IIT_Patna_30-11-21.mp3,30-11-21,2021,LECTURE,Hin,Unknown,Hindi,https://drive.google.com/uc?export=download&id=10F0WEFW_g06VXHntL3665d1nbQizj2hz
457,Bahulastami,Hin_Bahulastami_ISKCON_Vrn_24-10-21.mp3,24-10-21,2021,LECTURE,Hin,Unknown,Hindi,https://drive.google.com/uc?export=download&id=1gRU1MDiMoPIjE-uzGBxvpGDHj4L1gIh-
458,Brhad,Hin_Brhad_Bhagavatamrita-4_ISKCON_Vrindavan_04-11-2019.mp3,04-11-2019,2019,LECTURE,Hin,Vrindavan,Hindi,https://drive.google.com/uc?export=download&id=1ay_7SFok4C2KYbCPsl8kVD162ipXxLQC
459,Brhad,Hin_Brhad_Bhagavatamrita-3_ISKCON_Vrindavan_03-11-2019.mp3,03-11-2019,2019,LECTURE,Hin,Vrindavan,Hindi,https://drive.google.com/uc?export=download&id=1nbC5jO355XwOV00l0QBBgygAE_E9xcQ3
460,Brhad,Hin_Brhad_Bhagavatamrita-3_ISKCON_Vrindavan_2008.mp3,Unknown,Unknown,LECTURE,Hin,Vrindavan,Hindi,https://drive.google.com/uc?export=download&id=12k8i6wf5kxWsJTpCqBYKLz7WQuvekSws
461,Brhad,Hin_Brhad_Bhagavatamrita-2_ISKCON_Vrindavan_2008.mp3,Unknown,Unknown,LECTURE,Hin,Vrindavan,Hindi,https://drive.google.com/uc?export=download&id=1EbUbtv01LCKIbF8Owv3t23it_gQgvtRL
462,Brhad,Hin_Brhad_Bhagavatamrita-1_ISKCON_Vrindavan_2008.mp3,Unknown,Unknown,LECTURE,Hin,Vrindavan,Hindi,https://drive.google.com/uc?export=download&id=1-bexAcxM2mNaudVQ0TZidoz34NaX4ZN2
463,Brhad,Hin_Brhad_Bhagavatamrita-2_ISKCON_Vrindavan_02-11-2019.mp3,02-11-2019,2019,LECTURE,Hin,Vrindavan,Hindi,https://drive.google.com/uc?export=download&id=1PqCiDB3EXEpNGVBCm2cnwAsU9tAeZJnU
464,Brhad,Hin_Brhad_Bhagavatamrita-5_ISKCON_Vrindavan_04-01-2007.mp3,04-01-2007,2007,LECTURE,Hin,Vrindavan,Hindi,https://drive.google.com/uc?export=download&id=1hPmkg2Ty7fELKAYDrisHUBWXlXHC03xK
465,Brhad,Hin_Brhad_Bhagavatamrita-4_ISKCON_Vrindavan_03-01-2007.mp3,03-01-2007,2007,LECTURE,Hin,Vrindavan,Hindi,https://drive.google.com/uc?export=download&id=1atvPiMB6wH6PoK-BIxsJ3OUnVAX7CJIR
466,Brhad,Hin_Brhad_Bhagavatamrita-3_ISKCON_Vrindavan_02-01-2007.mp3,02-01-2007,2007,LECTURE,Hin,Vrindavan,Hindi,https://drive.google.com/uc?export=download&id=1ketHKJIkS7SjDiCoRpd_UjXmpqsm4chO
467,Brhad,Hin_Brhad_Bhagavatamrita-1_ISKCON_Vrindavan_31-12-2006.mp3,31-12-2006,2006,LECTURE,Hin,Vrindavan,Hindi,https://drive.google.com/uc?export=download&id=19DzX4ZHAobsANa6JhYjEmkO0ptc8t05y
468,Brhad,Hin_Brhad_Bhagavatamrita-2_ISKCON_Vrindavan_01-01-2007.mp3,01-01-2007,2007,LECTURE,Hin,Vrindavan,Hindi,https://drive.google.com/uc?export=download&id=1cCEw_zdjnB_i5PM_DNwCYz3JJLTw3bGL
469,TKG,Eng_TKG_Glories_HG.Nagapatni_mataji_ACBSP_Disapp_day_ISKCON_Vrn_21-02-23.mp3,21-02-23,2023,LECTURE,Eng,Unknown,English,https://drive.google.com/uc?export=download&id=1CSFgwRfk49Y1o7GHLhfQRhA99GELYSwP
470,Srila Prabhupada,Odi_Srila Prabhupada_Vyasapuja_lecture_ISKCON_Angul-05-09-15.mp3,05-09-15,2015,LECTURE,Odi,Angul,Odia,https://drive.google.com/uc?export=download&id=1tOgr6foshQSWgISMUFt7NLTvG20uLO4g
471,Dhruva,Odi_Dhruva_charita_ISKCON_Khalisahi_05-04-26.mp3,05-04-26,2026,LECTURE,Odi,Unknown,Odia,https://drive.google.com/uc?export=download&id=1xg8ZZzOjeZu4A2vwh7PnwXiqsgVHeVQr
472,SB-04.08.19-Bimata,Odi_SB-04.08.19-Bimata_nka_katu_vakya_re_Dhruva_maharajnka_labha_ISKCON_Khalisahi_04-04-26.mp3,04-04-26,2026,SB,Odi,Unknown,Odia,https://drive.google.com/uc?export=download&id=1NLA9XdiTD8Rb1Pff_TU1SSOK5k9laAnn
473,SB-05.05.01-Manushya,Odi_SB-05.05.01-Manushya_jivana_ra_parama_kartavya_Vrindavan_01-03-26.mp3,01-03-26,2026,SB,Odi,Vrindavan,Odia,https://drive.google.com/uc?export=download&id=1j_ULa553_Ry0Z6ikV1rAx0cM0AcGU0Yw
474,SB-06.02.17,Odi_SB-06.02.17_Hari_Naam_mahima_ISKCON_IYF_Vrindavan_26-02-26.mp3,26-02-26,2026,SB,Odi,Vrindavan,Odia,https://drive.google.com/uc?export=download&id=17X4h6z4D_UMS-ZjILQEcz7yVS1XMNTta
475,Sri,Odi_Sri_Ram_Navami_ISKCON_Angul_27-03-26.mp3,27-03-26,2026,LECTURE,Odi,Angul,Odia,https://drive.google.com/uc?export=download&id=1KCIMC8g_5b5Y9_UTsxEj36Se3XNHhz_t
476,Jagat,Odi_Jagat_mangalam_Sunday_feast_lecture_ISKCON_Angul_22-03-26.mp3,22-03-26,2026,LECTURE,Odi,Angul,Odia,https://drive.google.com/uc?export=download&id=1SitXbZ5dMBpwHYgTb2ToFJv4tDUOe1gs
477,Dhruva,Odi_Dhruva_charita-Day-3_Dhenkanal_15-03-26.mp3,15-03-26,2026,SEMINAR,Odi,Unknown,Odia,https://drive.google.com/uc?export=download&id=1nxAHH3DX2yx-AxLPDzZ3LJYS6JPtOUcd
478,Dhruva,Odi_Dhruva_charita-Day-2_Dhenkanal_14-03-26.mp3,14-03-26,2026,SEMINAR,Odi,Unknown,Odia,https://drive.google.com/uc?export=download&id=12Fa36yJL2gVVPN8Ex0JbjG9x-93xlKng
479,Dhruva,Odi_Dhruva_charita-Day-1_Dhenkanal_13-03-26.mp3.mp3,13-03-26,2026,SEMINAR,Odi,Unknown,Odia,https://drive.google.com/uc?export=download&id=1MI5q4kLHhMXUHiB48FwnUIRwC65ZI689
480,Gajendra,Odi_Gajendra_uddhara-Day-3_ISKCON_BBSR_15-12-24.mp3,15-12-24,2024,SEMINAR,Odi,Unknown,Odia,https://drive.google.com/uc?export=download&id=1gmvuhNHnEfUv4Gaeii6in0Ln9H-gg6nK
481,Gajendra,Odi_Gajendra_uddhara-Day-2-ISKCON_BBSR_14-12-24.mp3,14-12-24,2024,SEMINAR,Odi,Unknown,Odia,https://drive.google.com/uc?export=download&id=1y2fEVCbtibi7N99KfQeQwWI4RSgFj9iO
482,Gajendra,Odi_Gajendra_uddhara-Day-1_ISKCON_BBSR_13-12-24.mp3,13-12-24,2024,SEMINAR,Odi,Unknown,Odia,https://drive.google.com/uc?export=download&id=17q8LElH4iI-X9jVhBDCY9zcUefxLbLX5
483,Haridas,Odi_Haridas_thakur_nka_mahaprayana_Bhubaneswar_02-09-18.mp3,02-09-18,2018,LECTURE,Odi,Unknown,Odia,https://drive.google.com/uc?export=download&id=1We26pv8UwOfaO3bCgrqqsfzZISaU9hDs
484,Vyasapuja,Odi_Vyasapuja_lecture_2018_ISKCON_Angul_20-07-2018.mp3,20-07-2018,2018,LECTURE,Odi,Angul,Odia,https://drive.google.com/uc?export=download&id=1J7_lxqFy55xM5noYcKHGR3L927SWFVaT
485,Rath,Odi_Rath_yatra_samayare_Mahaprabhu_nka_lila_ISKCON_ANGUL_18-06-19.mp3,18-06-19,2019,LECTURE,Odi,Angul,Odia,https://drive.google.com/uc?export=download&id=1-hSGmHur9DnH0WDR_cuZ2jJp6LDPI4ZO
486,Manusya,Odi_Manusya_janma_sarthak_karibara_upaya_Nuapada_02-09-21.mp3,02-09-21,2021,LECTURE,Odi,Unknown,Odia,https://drive.google.com/uc?export=download&id=1XV1NeQJ6Nj0wr5ptpbakuDxnRDtVDa3C
487,SB-01.09.37,Odi_SB-01.09.37_Bhakta_batsala_bhagavan_Kantilo_picnic_26-01-26.mp3,26-01-26,2026,SB,Odi,Unknown,Odia,https://drive.google.com/uc?export=download&id=1iiCqfK402o_fCbl8EH_q_UPDybs1CpDl
488,Gundicha,Odi_Gundicha_marjana_lila_ISKCON_Angul_30-06-22.mp3,30-06-22,2022,LECTURE,Odi,Angul,Odia,https://drive.google.com/uc?export=download&id=1yO8YIs2sVA5sluBXbasrA_yxUXigfUvr
489,SB-07.05.30,Odi_SB-07.05.30_Pitanku_Prahalad_maharaj_nkara_uttara_BBSR_29-06-22.mp3,29-06-22,2022,SB,Odi,Unknown,Odia,https://drive.google.com/uc?export=download&id=1TGhn-7VgRZN7PocBvCWtDjqdWj3-Euuo
490,BG-09.22,Odi_BG-09.22_Bhagavan_Krishnankara_asvasana_Brahmapur_26-06-22.mp3,26-06-22,2022,LECTURE,Odi,Brahmapur,Odia,https://drive.google.com/uc?export=download&id=14EU5IasqwTCdwKZ56o1O0xmMlqWm1b2H
491,SB-10.10.13,Odi_SB-10.10.13_Kuvera_nka_dui_putranka_upare_Narada_muninka_krupa_Motari_11-1-26.mp3,Unknown,Unknown,SB,Odi,Unknown,Odia,https://drive.google.com/uc?export=download&id=12pLHTk5UHp56OUSYQwfvy0rkELQSCnz-
492,SB-01.19.02,Odi_SB-01.19.02_Maharaj_Parikshit_nkara_prayaschita_kamana_Motari_10-01-26.mp3,10-01-26,2026,SB,Odi,Unknown,Odia,https://drive.google.com/uc?export=download&id=1j13Ffq2Q4z3muMcWiTTwhH4Qh11kXzrp
493,SB-04.19.36,Odi_SB-04.19.36_Brahma_nkara_Maharaj_Pruthu_nku_upadesh_BBSR_04-01-26.mp3,04-01-26,2026,SB,Odi,Unknown,Odia,https://drive.google.com/uc?export=download&id=1r9QpYOLu-mIb0d92lIAP6uA5Rfww7Mg5
494,SB-10.08.04,Odi_SB-10.08.04_Sadhu_sanga_ra_labha_Gruhastha_ra_kartavya_BBSR_30-12-5.mp3,Unknown,Unknown,SB,Odi,Unknown,Odia,https://drive.google.com/uc?export=download&id=19R74cisVQouHO4giEdezoLXyG031La23
495,Srimad,Odi_Srimad_Bhakti_Siddhanta_Saraswati_Thakur_Tirobhav_ISKCON_Angul_09-01-23.mp3,09-01-23,2023,LECTURE,Odi,Angul,Odia,https://drive.google.com/uc?export=download&id=18zQ7wrvkXZ359HwxSb1Hb6lizcvHYEpr
496,Janmastami,Odi_Janmastami_lecture_ISKCON_Angul-14-08-17.mp3,14-08-17,2017,LECTURE,Odi,Angul,Odia,https://drive.google.com/uc?export=download&id=119SDIuSoYRStV2_EcWKyBUvJpNL0AQxw
497,Venu,Odi_Venu_geet-Day-1_ISKCON_Brahmapur_18-11-15.mp3,18-11-15,2015,SEMINAR,Odi,Brahmapur,Odia,https://drive.google.com/uc?export=download&id=1S4y9lKUS2atfXehxc3Pp-GiMwr5mumPH
498,Yuga,Odi_Yuga_dharma_location_unknown_25-9-13.mp3,Unknown,Unknown,LECTURE,Odi,Unknown,Odia,https://drive.google.com/uc?export=download&id=1p6a_w0Ptx-Q5W4dkMmLLHH6Yf79wpTeu
499,Purusottam,Odi_Purusottam_kshetra_mahatmya_Gundicha_temple_ISKCON_BBSR_20-07-15.mp3,20-07-15,2015,LECTURE,Odi,Unknown,Odia,https://drive.google.com/uc?export=download&id=1AhxQjOP4GE2TzM3JODBmvG7LIBSWg63i
500,Nityananda,Odi_Nityananda_Trayodashi_lecture_ISKCON_BBSR_05-02-12.mp3,05-02-12,2012,LECTURE,Odi,Unknown,Odia,https://drive.google.com/uc?export=download&id=1fQUlCDyB_hEtI8y63Xh4_mGERgu6aAWX
501,Yuga,Odi_Yuga_dharma_Jagatsinghpur_25-9-12.mp3,Unknown,Unknown,LECTURE,Odi,Unknown,Odia,https://drive.google.com/uc?export=download&id=1GZSQ0PWmgFQQM3GisMGYZc9uWPecC2H1
502,Tota,Odi_Tota_Gopinath_katha_Puri_27-12-25.mp3,27-12-25,2025,LECTURE,Odi,Puri,Odia,https://drive.google.com/uc?export=download&id=142XDr5whQYYJ7xfIAyItnKoPWCA5hpzg
503,Vrindavan,Odi_Vrindavan_lila-Day-2_ISKCON_Burla_18-04-13.mp3,18-04-13,2013,SEMINAR,Odi,Vrindavan,Odia,https://drive.google.com/uc?export=download&id=1NQodKrWVB4aNb1oXjaK_xBp9fzT8M_zo
504,Vrindavan,Odi_Vrindavan_lila-Day-1_ISKCON_Burla_17-04-13.mp3,17-04-13,2013,SEMINAR,Odi,Vrindavan,Odia,https://drive.google.com/uc?export=download&id=1jKdTg24Tpr1ix-3J5jPCgd1f9CHH8Eyr
505,Sri,Odi_Sri_Chaitanya_mahaprabhu_nkara_abirbhava-Day-2_ISKCON_Angul_21-02-14.mp3,21-02-14,2014,SEMINAR,Odi,Angul,Odia,https://drive.google.com/uc?export=download&id=1IQc2m9oSGdyjozzyGIYFVNjhTvagzCSO
506,Sri,Odi_Sri_Chaitanya_mahaprabhu_nkara_abirbhava-Day-1_ISKCON_Angul_20-02-14.mp3,20-02-14,2014,SEMINAR,Odi,Angul,Odia,https://drive.google.com/uc?export=download&id=1qllAodRtpb-L_CjwYJn2m0fCSjxhawVB
507,Panihati,Odi_Panihati_chida_dadhi_mahotsav_BBSR_24-06-18.mp3,24-06-18,2018,LECTURE,Odi,Unknown,Odia,https://drive.google.com/uc?export=download&id=1IAjaDmRlOt7dAT1kalmb1OvFUcl6Zlx8
508,Srila Prabhupada,Odi_Srila Prabhupada_Vyasapuja_lecture_ISKCON_Angul-29-08-13.mp3,29-08-13,2013,LECTURE,Odi,Angul,Odia,https://drive.google.com/uc?export=download&id=1L_103yapfjIDbcW6Ul4P1L6PddhSUEDw
509,Dikshya,Odi_Dikshya_pravachan_ISKCON_Dhenkanal_20-11-25.mp3,20-11-25,2025,LECTURE,Odi,Unknown,Odia,https://drive.google.com/uc?export=download&id=18ZmXSo016snlSz-fSbx75WOltGBvJZdq
510,Arrival,Odi_Arrival_address_ISKCON_DKL_16-10-25.mp3,16-10-25,2025,LECTURE,Odi,Unknown,Odia,https://drive.google.com/uc?export=download&id=1A0KM0fObh_v3EH7eLJYioJWPS1NhZ4qL
511,Nrsimha,Odi_Nrsimha_chaturdashi_ISKCON_Brahmapur_20-05-16.mp3,20-05-16,2016,LECTURE,Odi,Brahmapur,Odia,https://drive.google.com/uc?export=download&id=1zcinDtLEMd7W4njpkTrVCOe6tqSzsZDf
512,TKG,Odi_TKG_Vyasapuja_lecture_ISKCON_Angul-12-06-2014.mp3,12-06-2014,2014,LECTURE,Odi,Angul,Odia,https://drive.google.com/uc?export=download&id=1hvUG7-_FawFbxUD8Wx_oGaDhFYLhIiMd
513,Brihad,Odi_Brihad_Bhagavatamrita_Day3_ISKCON_BBSR-09-12-25.mp3,09-12-25,2025,LECTURE,Odi,Unknown,Odia,https://drive.google.com/uc?export=download&id=1sPdoVNNlwi6Z2VQGRxe_eywHKq76_hN-
514,Brihad,Odi_Brihad_Bhagavatamrita_Day2_ISKCON_BBSR-08-12-25.mp3,08-12-25,2025,LECTURE,Odi,Unknown,Odia,https://drive.google.com/uc?export=download&id=1AFE9BmfOXHs3EdmxrnV3sDBtvBkXWpJu
515,Brihad,Odi_Brihad_Bhagavatamrita_Day1_ISKCON_BBSR-07-12-25.mp3,07-12-25,2025,LECTURE,Odi,Unknown,Odia,https://drive.google.com/uc?export=download&id=1bmWVT9khdE_OkQh4cZ-BS9h9DObXYdCE
516,SB-03.25.22,Odi_SB-03.25.22_Krishna_bhaktankara_vishes_guna_ISKCON_Ankushpur_29-11-25.mp3,29-11-25,2025,SB,Odi,Unknown,Odia,https://drive.google.com/uc?export=download&id=1MpEb30s2rtexI3bTkBhNmf7LwH7obGOj
517,SB-04.08.79,Odi_SB-04.08.79_Dhruva_maharajankara_adhyatmika_sakti_ISKCON_ASKA_28-11-25.mp3,28-11-25,2025,SB,Odi,Unknown,Odia,https://drive.google.com/uc?export=download&id=1AyX016rzmj-FJjzYZlHk07W1TXbel-e6
518,SB-01.15.20,Odi_SB-01.15.20_Bhagavan_Sri_Krishna_nkara_sva_dham_pratyavartana_pare_ISKCON_Ankushpur_27-11-25.mp3,27-11-25,2025,SB,Odi,Unknown,Odia,https://drive.google.com/uc?export=download&id=1yxi6RxTbhwqh1p1UL3sMttzd-2T-MXGh
519,SB-04.30.08-Bhakta,Odi_SB-04.30.08-Bhakta_nka_madhyare_souhardya-Dhenkanal_23-11-25.mp3,23-11-25,2025,SB,Odi,Unknown,Odia,https://drive.google.com/uc?export=download&id=1mLEC51ZiTmFy4v6D5zZZWX_OvHhONDrO
520,kali,Odi_kali_yuga_yuga_dharma-Day3-ISKCON_Dhenkanal_23-11-25.mp3,23-11-25,2025,LECTURE,Odi,Unknown,Odia,https://drive.google.com/uc?export=download&id=1xR-CDLkuhdEPHOdzlh8J_uE4Rhbj9h48
521,kali,Odi_kali_yuga_yuga_dharma-Day2-ISKCON_Dhenkanal_22-11-25.mp3,22-11-25,2025,LECTURE,Odi,Unknown,Odia,https://drive.google.com/uc?export=download&id=1xMfXUtwcMJhMrGLTxkc8FNMDi4b_9220
522,kali,Odi_kali_yuga_yuga_dharma-Day1-ISKCON_Dhenkanal_21-11-25.mp3,21-11-25,2025,LECTURE,Odi,Unknown,Odia,https://drive.google.com/uc?export=download&id=1pi9jb-L_lhUOoKNrcZ0eajvgn8Pr3PEe
523,Sri,Odi_Sri_Chaitanya_mahaprabhu_nkara_prakata_ra_bahya_karan_ISKCON_BBSR_14-02-13.mp3,14-02-13,2013,LECTURE,Odi,Unknown,Odia,https://drive.google.com/uc?export=download&id=1g8amAOv0wurHG-0D269QNQuoE1PmelPi
524,Dukhara,Odi_Dukhara_ghare_sukhara_parikalpana_Angul_03-12-15.mp3,03-12-15,2015,LECTURE,Odi,Angul,Odia,https://drive.google.com/uc?export=download&id=1vB4F9QcxIB9EbzsVmyTqK0ULJkyyi_mO
525,CC-Adi-05.205-221-ISKCON,Odi_CC-Adi-05.205-221-ISKCON_Angul_15-11-25.mp3,15-11-25,2025,LECTURE,Odi,Angul,Odia,https://drive.google.com/uc?export=download&id=1XaOyuJbsk_ynbQI1fVjZWTOV1hu40T5B
526,BG-02.13,Odi_BG-02.13_Jiva_ra_stiti_ISKCON_Angul_12-11-17.mp3,12-11-17,2017,LECTURE,Odi,Angul,Odia,https://drive.google.com/uc?export=download&id=1DVQlYkDEYwXaBBLbL2jk7zq4wQ2_bDL2
527,BG-18.65,Odi_BG-18.65_Guhyatama_vidya_ISKCON_Angul_09-03-21.mp3,09-03-21,2021,LECTURE,Odi,Angul,Odia,https://drive.google.com/uc?export=download&id=1MS3W7Rp0F3Qm3M4WuFjJrLRaOur6izIA
528,SB-10.02.19,Odi_SB-10.02.19_Devaki_nka_garbhare_bhagavan_Krishna_ISKCON_Angul_10-02-15.mp3,10-02-15,2015,SB,Odi,Angul,Odia,https://drive.google.com/uc?export=download&id=1TETaUGFozd7f6km8G89ajQDy7xxXvAzZ
529,SB-02.09.28,Odi_SB-02.09.28_Brhama_nka_stuti_ISKCON_Angul_14-06-20.mp3,14-06-20,2020,SB,Odi,Angul,Odia,https://drive.google.com/uc?export=download&id=1cTzxcSd15JFvrtfzNK0hmQtd3dbiFWzo
530,Sarira,Odi_Sarira_evam_indriya_manankara_srusti_ISKCON_BBSR_23-02-16.mp3,23-02-16,2016,LECTURE,Odi,Unknown,Odia,https://drive.google.com/uc?export=download&id=1Djzs3fkN3kkPIbUgmCsItnhSGjShQt2W
531,Bali,Odi_Bali_maharaj_katha_Angul_10-11-14.mp3,10-11-14,2014,LECTURE,Odi,Angul,Odia,https://drive.google.com/uc?export=download&id=1MwwLk4xNTeVl-TjBpNGkW4MaqMitvdRj
532,Mohini,Odi_Mohini_avatar_katha_Angul_08-11-14.mp3,08-11-14,2014,LECTURE,Odi,Angul,Odia,https://drive.google.com/uc?export=download&id=1jmlHo3t_JzMeYmiVPcq40fuqla469v1Q
533,SB-09.23.13,Odi_SB-09.23.13_Karna_charita_ISKCON_BBSR-10-05-17.mp3,10-05-17,2017,SB,Odi,Unknown,Odia,https://drive.google.com/uc?export=download&id=1ljzo4ggRKrbffPz1f6TGVgFyQk9chAFj
534,SB-04.09.27-Dhruva,Odi_SB-04.09.27-Dhruva_maharaj_nka_gruha_pratyavartan_ISKCON_Angul-10-03-18.mp3,10-03-18,2018,SB,Odi,Angul,Odia,https://drive.google.com/uc?export=download&id=134JnGf-VgOwk9wmnIvHJgyGhIRkCO0mM
535,Vrindavan,Odi_Vrindavan_dham_mahima_lect_for_Purusottampur_devotees_Vrindavan_25-09-25.mp3,25-09-25,2025,LECTURE,Odi,Vrindavan,Odia,https://drive.google.com/uc?export=download&id=15IHSb2-U1U29xYxSpcva__39djcChCbT
536,Dhruv,Odi_Dhruv_charit-Day-4_Angul_15-04-18.mp3,15-04-18,2018,SEMINAR,Odi,Angul,Odia,https://drive.google.com/uc?export=download&id=1ScprSoYFW1nQEh0hf6N0NbalOPVZ3k5k
537,Dhruv,Odi_Dhruv_charit-Day-3_Angul_14-04-18.mp3,14-04-18,2018,SEMINAR,Odi,Angul,Odia,https://drive.google.com/uc?export=download&id=1q7P3lm70WjiQCi7t9_VDD-muwPpAVQJr
538,Dhruv,Odi_Dhruv_charit-Day-2_Angul_13-04-18.mp3,13-04-18,2018,SEMINAR,Odi,Angul,Odia,https://drive.google.com/uc?export=download&id=1cw7oPGFeleMKyRpRV8TYV1ywRvnGdbYu
539,Dhruv,Odi_Dhruv_charit-Day-1_Angul_12-04-18.mp3,12-04-18,2018,SEMINAR,Odi,Angul,Odia,https://drive.google.com/uc?export=download&id=1PLRnRJPAaa_ZwukZ2loIr20Ta9oKNcq7
540,Ajamila,Odi_Ajamila_Charita_Day-6_ISKCON_BAM-NH-16_22-11-14.mp3,22-11-14,2014,SEMINAR,Odi,Unknown,Odia,https://drive.google.com/uc?export=download&id=1jK2yRzczBz8F7Wlv5MDFv0gd77VryLuw
541,Ajamila,Odi_Ajamila_Charita_Day-5_ISKCON_BAM-NH-16_21-11-14.mp3,21-11-14,2014,SEMINAR,Odi,Unknown,Odia,https://drive.google.com/uc?export=download&id=19lLKJm5LZKVZk1edZNnFVkDVaVd0qemc
542,Ajamila,Odi_Ajamila_Charita_Day-4_ISKCON_BAM-NH-16_20-11-14.mp3,20-11-14,2014,SEMINAR,Odi,Unknown,Odia,https://drive.google.com/uc?export=download&id=1owlYnLYMDz0cCpR0wdjeeXHrhrKK10kN
543,Ajamila,Odi_Ajamila_Charita_Day-3_ISKCON_BAM-NH-16_19-11-14.mp3,19-11-14,2014,SEMINAR,Odi,Unknown,Odia,https://drive.google.com/uc?export=download&id=1ctFJYVJmaMKHjkTHK31vgGHGXsAE6ZZt
544,Ajamila,Odi_Ajamila_Charita_Day-2_ISKCON_BAM-NH-16_18-11-14.mp3,18-11-14,2014,SEMINAR,Odi,Unknown,Odia,https://drive.google.com/uc?export=download&id=1orA17onRXBbBt86_gxNSP__zlocDdpqU
545,Ajamila,Odi_Ajamila_Charita_Day-1_ISKCON_BAM-NH-16_17-11-14.mp3,17-11-14,2014,SEMINAR,Odi,Unknown,Odia,https://drive.google.com/uc?export=download&id=1cJ6lVrn9hewpUjWBuKknuJnXbR7ktjTw
546,Bharat,Odi_Bharat_maharaj_charita_Day-7_ISKCON-BBSR_19-04-12.mp3,19-04-12,2012,SEMINAR,Odi,Unknown,Odia,https://drive.google.com/uc?export=download&id=1UatCKTmkT8L-y5czDO7gW59sJmOqNKvM
547,Bharat,Odi_Bharat_maharaj_charita_Day-6_ISKCON-BBSR_18-04-12.mp3,18-04-12,2012,SEMINAR,Odi,Unknown,Odia,https://drive.google.com/uc?export=download&id=1jcZb7RneJCoQ160xEMYqrM-5FxTtaWXH
548,Bharat,Odi_Bharat_maharaj_charita_Day-5_ISKCON-BBSR_17-04-12.mp3,17-04-12,2012,SEMINAR,Odi,Unknown,Odia,https://drive.google.com/uc?export=download&id=19YTnGOwOXVgGZapsIi3EkHYP5IFVoVqD
549,Bharat,Odi_Bharat_maharaj_charita_Day-4_ISKCON-BBSR_16-04-12.mp3,16-04-12,2012,SEMINAR,Odi,Unknown,Odia,https://drive.google.com/uc?export=download&id=1UXi6mSgx4axu-TlerRquJ74HhN0rTveh
550,Bharat,Odi_Bharat_maharaj_charita_Day-3_ISKCON-BBSR_15-04-12.mp3,15-04-12,2012,SEMINAR,Odi,Unknown,Odia,https://drive.google.com/uc?export=download&id=1ESb9tGUHIAT1q2HwMQbnjEYch9k3svol
551,Bharat,Odi_Bharat_maharaj_charita_Day-2_ISKCON-BBSR_14-04-12.mp3,14-04-12,2012,SEMINAR,Odi,Unknown,Odia,https://drive.google.com/uc?export=download&id=1dxCL8E1VpEHUzaHkATpoJaYlT1YYMxVY
552,Bharat,Odi_Bharat_maharaj_charita_Day-1_ISKCON-BBSR_13-04-12.mp3,13-04-12,2012,SEMINAR,Odi,Unknown,Odia,https://drive.google.com/uc?export=download&id=14xYC9J7H-h1yYqq-YQ3pQItE6d0jHAVQ
553,Guhyatama,Odi_Guhyatama_Gyana_Day-3_IGIT_Saranga_27-01-16.mp3,27-01-16,2016,SEMINAR,Odi,Unknown,Odia,https://drive.google.com/uc?export=download&id=1UgLDJQCHk9-QmH0F58LkfZRPV1sW8q5s
554,Guhyatama,Odi_Guhyatama_Gyana_Day-2_IGIT_Saranga_26-01-16.mp3,26-01-16,2016,SEMINAR,Odi,Unknown,Odia,https://drive.google.com/uc?export=download&id=1V13l1yulZeg7wXutB3LbwX3OcPUYH72Z
555,Guhyatama,Odi_Guhyatama_Gyana_Day-1_IGIT_Saranga_25-01-16.mp3,25-01-16,2016,SEMINAR,Odi,Unknown,Odia,https://drive.google.com/uc?export=download&id=1eVTEGqaOuw4pknveRkXBtx1Te_ZODwXI
556,Brhad,Odi_Brhad_bhagavatamrita-Day-5_ISKCON_BBSR_27-05-15.mp3,27-05-15,2015,SEMINAR,Odi,Unknown,Odia,https://drive.google.com/uc?export=download&id=1tZViKLqkoqgg0fnQBvLYGf94ufZ_Q1ry
557,Brhad,Odi_Brhad_bhagavatamrita-Day-4_ISKCON_BBSR_26-05-15.mp3,26-05-15,2015,SEMINAR,Odi,Unknown,Odia,https://drive.google.com/uc?export=download&id=1JALihAVuj1VisDTU4_ToRAFw-SH_AObM
558,Brhad,Odi_Brhad_bhagavatamrita-Day-3_ISKCON_BBSR_25-05-15.mp3,25-05-15,2015,SEMINAR,Odi,Unknown,Odia,https://drive.google.com/uc?export=download&id=1Fx3wo3jl6fiJQVNBU_CFjCYPqptiZVRl
559,Brhad,Odi_Brhad_bhagavatamrita-Day-2_ISKCON_BBSR_24-05-15.mp3,24-05-15,2015,SEMINAR,Odi,Unknown,Odia,https://drive.google.com/uc?export=download&id=1R2sIXb5xqHeg3ygZRM7gq0VSFv-Jcj2z
560,Brhad,Odi_Brhad_bhagavatamrita-Day-1_ISKCON_BBSR_23-05-15.mp3,23-05-15,2015,SEMINAR,Odi,Unknown,Odia,https://drive.google.com/uc?export=download&id=1wn8qXmZhM413DjSX3aJmXzx3lPqw5qDt
561,CC-Adi-14.04-Mahaprabhu,Odi_CC-Adi-14.04-Mahaprabhu_nkra_balya_lila_ISKCON_BBSR_10-04-17.mp3,10-04-17,2017,LECTURE,Odi,Unknown,Odia,https://drive.google.com/uc?export=download&id=1iqMKMp4tkaJq8jsluFl6k2d5DbExb4I0
562,Sri,Odi_Sri_Jiva_Gosvami_evam_Jagdish_pandit_tirobhav_BBSR_02-06-21.mp3,02-06-21,2021,LECTURE,Odi,Unknown,Odia,https://drive.google.com/uc?export=download&id=1sI2KFPJBzF6QUk6Wm-7TRTZa1CVMixwa
563,SB-03.23.57,Odi_SB-03.23.57_Mata_debahuti_nkara_shoka_ISKCON_Agul_23-04-14.mp3,23-04-14,2014,SB,Odi,Unknown,Odia,https://drive.google.com/uc?export=download&id=12gHkTESpm2oHh6JwjZLfs9j8v8FYKa5H
564,Srila,Odi_Srila_Prabhupada_Vyasapuja_lecture_ISKCON_Angul-17-08-25.mp3,17-08-25,2025,LECTURE,Odi,Angul,Odia,https://drive.google.com/uc?export=download&id=1GW1v4f4YR3y0S7sEl5W0uCBmBsKtV2Rk
565,Janmastami,Odi_Janmastami_lecture_ISKCON_Angul-16-08-25.mp3,16-08-25,2025,LECTURE,Odi,Angul,Odia,https://drive.google.com/uc?export=download&id=1dvbTiUt5S5IXC19rq5kRnPtVORbRP5UN
566,Dikshya,Odi_Dikshya_pravachan_Sri_Balaram_Jayanti_ISKCON_Angul_10-08-25.mp3,10-08-25,2025,LECTURE,Odi,Angul,Odia,https://drive.google.com/uc?export=download&id=1amftmcd1Ll2qj9TmPGCvUhC2FuPkYX1k
567,Janmastami,Odi_Janmastami_lecture_ISKCON_Angul-28-08-13.mp3,28-08-13,2013,LECTURE,Odi,Angul,Odia,https://drive.google.com/uc?export=download&id=1L1Tia0QTHQX9aOP9fVT00NFrM9wh05dd
568,Annual,Odi_Annual_festival_ISKCON_Gadeigiri_04-02-14.mp3,04-02-14,2014,LECTURE,Odi,Unknown,Odia,https://drive.google.com/uc?export=download&id=1lWPE7KE4LCIcVg8cEQd4NT6rJ45vEPMo
569,SB-02.07.01,Odi_SB-02.07.01_Bhagavan_Varahadev_nka_katha_ISKCON_Angul_27-08-13.mp3,27-08-13,2013,SB,Odi,Angul,Odia,https://drive.google.com/uc?export=download&id=1yS5xZCdR0v3GeykSE8WAg1Vi1p60H1CL
570,SB-02.01.14,Odi_SB-02.01.14_Parikshit_maharaj_nkara_jivan_ra_lakshya_ISKCON_Angul_10-07-2012.mp3,10-07-2012,2012,SB,Odi,Angul,Odia,https://drive.google.com/uc?export=download&id=1CRkD5cYRlcnDTXEdb4PQKWwPt5-xRxsL
571,SB-02.07.05,Odi_SB-02.07.05_Sansara_ra_mangala_pain_bhagavan_nkara_avatara_ISKCON_Angul_30-08-2013.mp3,30-08-2013,2013,SB,Odi,Angul,Odia,https://drive.google.com/uc?export=download&id=1rHbR_4a9YhNKPH32mWHcioPX39YMdJ8n
572,SB-02.03.21,Odi_SB-02.03.21_Manusya_sarira_dharan_karibara_yathartha_ISKCON_ANGUL_12-02-13.mp3,12-02-13,2013,SB,Odi,Angul,Odia,https://drive.google.com/uc?export=download&id=1uPrDKQa5yE-YXFPD7qa0OPa-iu835ymh
573,SB-02.07.02,Odi_SB-02.07.02_Bhagavan_nka_Sujagyan_avatara_katha_ISKCON_Angul_28-08-13.mp3,28-08-13,2013,SB,Odi,Angul,Odia,https://drive.google.com/uc?export=download&id=1-51h3a3-q7qxfI3JKYcviDBJposesxBC
574,SB-02.09.44,Odi_SB-02.09.44_Brahma_Narad_muni_nku_Srimad_Bhagavata_upadesh_03-07-14.mp3,03-07-14,2014,SB,Odi,Unknown,Odia,https://drive.google.com/uc?export=download&id=1tP3P9isSIH-B0bhJfVl1awTCVRH-Nmq3
575,Jagannath,Odi_Jagannath_katha_Gundicha_temple_ISKCON_BBSR_04-07-25.mp3,04-07-25,2025,LECTURE,Odi,Unknown,Odia,https://drive.google.com/uc?export=download&id=1qqwNgZu32F0FqJiaBYk5QD-gdc4v0RMt
576,Restaurant,Odi_Restaurant_opening_ISKCON_Dhenkanal_15-06-25.mp3,15-06-25,2025,LECTURE,Odi,Unknown,Odia,https://drive.google.com/uc?export=download&id=1s0oK8YAs1wQ9WowcesBLVvIJ3fwOTeub
577,Vyasapuja,Odi_Vyasapuja_lecture_2021_ISKCON_BBSR_08-08-2021.mp3,08-08-2021,2021,LECTURE,Odi,Unknown,Odia,https://drive.google.com/uc?export=download&id=1LqRxvj9uPDdIMYV1OypfhCvrNiy2kaKN
578,Mahaprabhu,Odi_Mahaprabhu_nka_ra_balya_lila_ISKCON_BBSR_10-02-21.mp3,10-02-21,2021,LECTURE,Odi,Unknown,Odia,https://drive.google.com/uc?export=download&id=100FZt_4Mj8CrQ5C__2Dmvbar6L5iOUh5
579,Gundicha,Odi_Gundicha_temple_class_8th-day_ISKCON_BBSR_05-07-16.mp3,05-07-16,2016,LECTURE,Odi,Unknown,Odia,https://drive.google.com/uc?export=download&id=1sw3_0NAUh82Ip6l87LuPyEJgMYIIco_u
580,Nilachale,Odi_Nilachale_Goura_lila-Day-3_ISKCON_Ankushpur-19-11-15.mp3,19-11-15,2015,SEMINAR,Odi,Unknown,Odia,https://drive.google.com/uc?export=download&id=1WCJT1hyglp-tjsmkxgP2LrOW2Hnt8FSG
581,Nilachale,Odi_Nilachale_Goura_lila-Day-2_ISKCON_Ankushpur-18-11-15.mp3,18-11-15,2015,SEMINAR,Odi,Unknown,Odia,https://drive.google.com/uc?export=download&id=17knkS-J-CzEv48aM5PyhHyyaqLUe7Ujx
582,Nilachale,Odi_Nilachale_Goura_lila-Day-1_ISKCON_Ankushpur-17-11-15.mp3,17-11-15,2015,SEMINAR,Odi,Unknown,Odia,https://drive.google.com/uc?export=download&id=1OcVLERdXJ2blXQ1FMNHlZxUOBYr6V5jL
583,Yajnik,Odi_Yajnik_brahmana_patni_katha_Day-2_ISKCON_Brahmapur_11-12-16.mp3,11-12-16,2016,SEMINAR,Odi,Brahmapur,Odia,https://drive.google.com/uc?export=download&id=1JCndmABI9YyEqtJ8YyuF4VnAz0jVeHyB
584,Yajnik,Odi_Yajnik_brahmana_patni_katha_Day-4_ISKCON_Brahmapur_13-12-16.mp3,13-12-16,2016,SEMINAR,Odi,Brahmapur,Odia,https://drive.google.com/uc?export=download&id=1fvb_dSQjYOxnYupgWbhhlT_9Xa0OuyLy
585,Yajnik,Odi_Yajnik_brahmana_patni_katha_Day-3_ISKCON_Brahmapur_12-12-16.mp3,12-12-16,2016,SEMINAR,Odi,Brahmapur,Odia,https://drive.google.com/uc?export=download&id=1YO6y2PuCZfaOSqPmiUIV4SaIm3Yka6FW
586,Yajnik,Odi_Yajnik_brahmana_patni_katha_Day-1_ISKCON_Brahmapur_10-12-16.mp3,10-12-16,2016,SEMINAR,Odi,Brahmapur,Odia,https://drive.google.com/uc?export=download&id=12Ezi4N9sfcpB_phwiwQoLzr-FLrq67yj
587,Gundicha,Odi_Gundicha_temple_class_ISKCON_BBSR_02-07-18.mp3,02-07-18,2018,LECTURE,Odi,Unknown,Odia,https://drive.google.com/uc?export=download&id=1FJ8Fx-K9XK81GhySf6EDvDL-CI3L5I-B
588,Ratha,Odi_Ratha_yatra_lecture_ISKCON_Angul_12-07-21.mp3,12-07-21,2021,LECTURE,Odi,Angul,Odia,https://drive.google.com/uc?export=download&id=1yH98zlRduRGqxTysZt2Eik0x988lzL_3
589,SB-02.10.08,Odi_SB-02.10.08_samasta_jiba_nka_ra_parama_ashraya_ISKCON_Angul_25-09-15.mp3,25-09-15,2015,SB,Odi,Angul,Odia,https://drive.google.com/uc?export=download&id=175j7sE0ejKAZjchDKERWI53MZ0JiDlC3
590,SB-02.03.21,Odi_SB-02.03.21_manusya_sarira_dharana_karibara_sarthakata_BBSR_07-03-18.mp3,07-03-18,2018,SB,Odi,Unknown,Odia,https://drive.google.com/uc?export=download&id=1obiK_KQxHIJk8DNqKl6xF6jgtmzfKn5X
591,SB-02.07.02,Odi_SB-02.07.02_Bhagavan_Sujagyan_deva_ISKCON_Angul_19-11-14.mp3,19-11-14,2014,SB,Odi,Angul,Odia,https://drive.google.com/uc?export=download&id=13fee10dqIkedNJZX737lQWV4-c4dTJhb
592,SB-02.07.01,Odi_SB-02.07.01_Bhagavan_Varaha_deva_ISKCON_Angul_18-11-14.mp3,18-11-14,2014,SB,Odi,Angul,Odia,https://drive.google.com/uc?export=download&id=1jw6p6-GZwRmhNicyfYGEBUppyYGIVV5H
593,Adarsha,Odi_Adarsha_Gruhastha_jibana_BBSR_10-02-16.mp3,10-02-16,2016,LECTURE,Odi,Unknown,Odia,https://drive.google.com/uc?export=download&id=10QyP82bEdc-O7fzUEpx64VwsCzgu15fY
594,Gruha,Odi_Gruha_pravesa_lecture_Thermal_23-04-21.mp3,23-04-21,2021,LECTURE,Odi,Unknown,Odia,https://drive.google.com/uc?export=download&id=1y0a8LbSytmNUOcAv8joTHRHAp53s-eOf
595,SB-10.12.43,Odi_SB-10.12.43_Krishna_katha_sravana_parama_soubhagya_ISKCON_BBSR-15-11-13.mp3,15-11-13,2013,SB,Odi,Unknown,Odia,https://drive.google.com/uc?export=download&id=15bo6cc5FPlj7yhChM22Vc_XFN6_6rFGx
596,TKG,Odi_TKG_Vyasapuja_lecture_ISKCON_Angul-15-06-2025.mp3,15-06-2025,2025,LECTURE,Odi,Angul,Odia,https://drive.google.com/uc?export=download&id=1NWW1V-plPBPNLKhZLx0RLbiTR0YLlRkm
597,Chuda,Odi_Chuda_dadhi_mahotsava_Cuttack_09-06-25.mp3,09-06-25,2025,LECTURE,Odi,Unknown,Odia,https://drive.google.com/uc?export=download&id=1Gbd7lCyP_Y1XfNj1bGQ10r28p-GrqxD6
598,SB-01.13.09,Odi_SB-01.13.09_maharaj_judhistira_nkara_Vidura_nku_prasna_ISKCON_BBSR_23-10-13.mp3,23-10-13,2013,SB,Odi,Unknown,Odia,https://drive.google.com/uc?export=download&id=1gGUXogBrIZmN-kh1yNmWOTI2p6FU9AoA
599,SB-02.10.07,Odi_SB-02.10.07_Samasta_srusti_ra_mula_ISKCON_Angul_12-05-15.mp3,12-05-15,2015,SB,Odi,Angul,Odia,https://drive.google.com/uc?export=download&id=11JHH_Bobpid_2ZpDQtXrI2uORgUrcMjQ
600,Jagannath,Odi_Jagannath_Puri_mahatmya-Day2_BBSR_21-06-14.mp3,21-06-14,2014,LECTURE,Odi,Puri,Odia,https://drive.google.com/uc?export=download&id=1D2Hx4KyMSLEIgkYNt330iuYZ3R65BHPH
601,Jagannath,Odi_Jagannath_Puri_mahatmya-Day1_BBSR_20-06-14.mp3,20-06-14,2014,LECTURE,Odi,Puri,Odia,https://drive.google.com/uc?export=download&id=1r_J5vUxxcAIcJx_rUFV-YgH3QOHedID4
602,Dainya,Odi_Dainya_Sunday_feast_lect_ISKCON_BBSR_11-05-25.mp3,11-05-25,2025,LECTURE,Odi,Unknown,Odia,https://drive.google.com/uc?export=download&id=1VnqF5igMJGyaTLY4XDhnAnmYOdGJONtx
603,CC-Adi-05.120,Odi_CC-Adi-05.120_Ananta_Sesa_Krishna_nka_seva_kipari_karanti_ISKCON_Angul_07-06-25.mp3,07-06-25,2025,LECTURE,Odi,Angul,Odia,https://drive.google.com/uc?export=download&id=1GeNF7_c7hWeXVsjrRmUtbD0-DrjCzytO
604,Gruha,Odi_Gruha_pravesa_lecture_Brahmapur_23-04-22.mp3,23-04-22,2022,LECTURE,Odi,Brahmapur,Odia,https://drive.google.com/uc?export=download&id=1xA7HQ9kBzrpbqDBsrxYRoNxXXb0y_jiR
605,Mahaprabhu,Odi_Mahaprabhu_nkara_rathagra_re_nrutya_ISKCON_ANGUL_10-06-18.mp3,10-06-18,2018,LECTURE,Odi,Angul,Odia,https://drive.google.com/uc?export=download&id=11O_WN6_V-8jSeyyjjhXNeJnGAXEDc9Aq
606,SB-07.05.46,Odi_SB-07.05.46_Sansara_andha_kupa_ru_uddhara_hebara_upaya_ISKCON_Dhenkanal_14-04-22.mp3,14-04-22,2022,SB,Odi,Unknown,Odia,https://drive.google.com/uc?export=download&id=1qW-uVFmrTLq6MslIHmE0rINzPzn44bdf
607,Kunti,Odi_Kunti_stuti_Day-3_ISKCON_Cuttack_25-05-25.mp3,25-05-25,2025,SEMINAR,Odi,Unknown,Odia,https://drive.google.com/uc?export=download&id=1cwm8lzl1GoveJwqkRrpNBizBDWQRREoe
608,Kunti,Odi_Kunti_stuti_Day-2_ISKCON_Cuttack_24-05-25.mp3,24-05-25,2025,SEMINAR,Odi,Unknown,Odia,https://drive.google.com/uc?export=download&id=1pNkpXD5N0UaBBaZBYTGO6AHwP7cc5sDn
609,Kunti,Odi_Kunti_stuti_Day-1_ISKCON_Cuttack_23-05-25.mp3,23-05-25,2025,SEMINAR,Odi,Unknown,Odia,https://drive.google.com/uc?export=download&id=1EkPF-Uc9hMl8NwwK2GRkNvRxW49_wyOr
610,SB-04.09.34,Odi_SB-04.09.34_Dhruva_maharaj_nka_anutapa_ISKCON_BAM_22-04-22.mp3,22-04-22,2022,SB,Odi,Unknown,Odia,https://drive.google.com/uc?export=download&id=1JjvXRrFufS_IcAey24-fWqSytq5f3490
611,SB-08.22.26,Odi_SB-08.22.26_Bhagavan_nka_ra_bishes_krupa_ISKCON_BAM_21-04-22.mp3,21-04-22,2022,SB,Odi,Unknown,Odia,https://drive.google.com/uc?export=download&id=1SyJgNr8QDD9lMOHfryb5MlXbaDMZYsov
612,Prahalad,Odi_Prahalad_maharaj_charita_ISKCON_Motrari_06-04-24.mp3,06-04-24,2024,LECTURE,Odi,Unknown,Odia,https://drive.google.com/uc?export=download&id=1z-9YPB6HZZKpzmFRjtNvKszKxUDx0mXo
613,Arrival,Odi_Arrival_address_ISKCON_Dhenkanal_18-03-24.mp3,18-03-24,2024,LECTURE,Odi,Unknown,Odia,https://drive.google.com/uc?export=download&id=1xzvp2npczsn9TTy-RQVGkAlnJ-ES789p
614,Arrival,Odi_Arrival_address_Rayagada_24-03-24.mp3,24-03-24,2024,LECTURE,Odi,Unknown,Odia,https://drive.google.com/uc?export=download&id=11pRXRRPsf6pyAY2RMVnPMuPXmM2JlWqW
615,Sri,Odi_Sri_Uddhava_nku_bhagavan_Sri_Krishna_nkara_antima_upadesh_BBSR_12-01-25.mp3,12-01-25,2025,LECTURE,Odi,Unknown,Odia,https://drive.google.com/uc?export=download&id=11BcLpBC6rComoedq4-Za6toXj6J58v5H
616,Arrival,Odi_Arrival_addres_ISKCON_Dhenkanal_10-05-25.mp3,10-05-25,2025,LECTURE,Odi,Unknown,Odia,https://drive.google.com/uc?export=download&id=1TTBcA0NTTZ1nuMa7XaIZL9g0TPnxlB_F
617,parama,Odi_parama_dharma_Khajuria_DKL_11-05-25.mp3,11-05-25,2025,LECTURE,Odi,Unknown,Odia,https://drive.google.com/uc?export=download&id=1Xsgne8OZy_mn9aMHBrB90rejfbNc7WC8
618,Dhruva,Odi_Dhruva_maharaj_nka_ra_dibya_guna_House_program_BBSR_12-01-25.mp3,12-01-25,2025,LECTURE,Odi,Unknown,Odia,https://drive.google.com/uc?export=download&id=1mnv8LLXD8Oc6NCtf_ynICT6E3PSitbvQ
619,Bhakti,Odi_Bhakti_ra_naa_ti_stara_ISKCON_Motari_16-01-25.mp3,16-01-25,2025,LECTURE,Odi,Unknown,Odia,https://drive.google.com/uc?export=download&id=1-Ut-bZ8cmb0sbeAeSKRenIlKMxuM28i_
620,Navadha,Odi_Navadha_bhakti_ISKCON_Motari_17-01-25.mp3,17-01-25,2025,LECTURE,Odi,Unknown,Odia,https://drive.google.com/uc?export=download&id=151UILmEQZo3UM6w2d5MviPasL-m4PWz4
621,Sri,Odi_Sri_Rama_Navami_lect_ISKCON_BBSR_06-04-25.mp3,06-04-25,2025,LECTURE,Odi,Unknown,Odia,https://drive.google.com/uc?export=download&id=1B1eOgU1v3rF7x72KrZ-60ljfMtWMZMtP
622,Sri,Odi_Sri_Rama_Navami_lect_ISKCON_BBSR_Patia_06-04-25.mp3,06-04-25,2025,LECTURE,Odi,Unknown,Odia,https://drive.google.com/uc?export=download&id=14aGDHBMkn3N3sSolH5JB-bASWSytbxao
623,SB-06.03.29,Odi_SB-06.03.29_Yamaduta_gananku_Yamaraj_nka_updadesh_ISKCON_Ctc_20-04-25.mp3,20-04-25,2025,SB,Odi,Unknown,Odia,https://drive.google.com/uc?export=download&id=15L8yaSRSbO5bXEfMXxI-NyufxIuAzSZl
624,Vrtrasur,Odi_Vrtrasur_katha_ISKCON_Khalisahi_27-04-25.mp3,27-04-25,2025,LECTURE,Odi,Unknown,Odia,https://drive.google.com/uc?export=download&id=19ihvBbW0vvFFO3uk1DcGHrkFxgLWmpvx
625,Arrival,Odi_Arrival_address_ISKCON_Angul_28-04-25.mp3,28-04-25,2025,LECTURE,Odi,Angul,Odia,https://drive.google.com/uc?export=download&id=1m92LPrhX1QGAR0D43Z0X9J41r8MbnlPN
626,Maharaj,Odi_Maharaj_Chitraketu_nku_mata_Parbati_nka_abhishap_ISKCON_Khalisahi_26-04-25.mp3,26-04-25,2025,LECTURE,Odi,Unknown,Odia,https://drive.google.com/uc?export=download&id=1hRZLyuxcMXDU_Et_wKJzoUgSzsmXEqQ8
627,SB-04.17.12-16,Odi_SB-04.17.12-16_praja_batsala_maharaj_prithu_House_program_BBSR_04-05-25.mp3,04-05-25,2025,SB,Odi,Unknown,Odia,https://drive.google.com/uc?export=download&id=1ft8ehyTRBu8DV5h6ZhMWiPcsVQdmSGLW
628,SB-05.13.21,Odi_SB-05.13.21_maharaj_Rahugana_nka_anubhuti_ISKCON-Angul_29-04-25.mp3,29-04-25,2025,SB,Odi,Angul,Odia,https://drive.google.com/uc?export=download&id=1Pf9IF9CUCllj3nHkoYK9TLmQ8gchrqmb
629,SB-10.08.04,Odi_SB-10.08.04_Akshaya_tritiya_House_Program_Talcher_30-04-25.mp3,30-04-25,2025,SB,Odi,Unknown,Odia,https://drive.google.com/uc?export=download&id=1uazqjXWqYRmqvTG5J6RDa3qppAzSfu9u
630,SB-07.08.17,Odi_SB-07.08.17_Nrsimha_chaturdashi_ISKCON_Dhenkanal_11-05-25.mp3,11-05-25,2025,SB,Odi,Unknown,Odia,https://drive.google.com/uc?export=download&id=1Yx-2HktXLv5Vkr7v6gT3zehotCQ3oBjA
631,Nrsimha,Odi_Nrsimha_chaturdashi_ISKCON_Dhenkanal_10-05-25.mp3,10-05-25,2025,LECTURE,Odi,Unknown,Odia,https://drive.google.com/uc?export=download&id=1ZyTfgls-omrGqOcsZsT4wYuuhktKMbFL
632,Krishna,Odi_Krishna_balya_lila-Day-07-Angul_11-12-2015.mp3,11-12-2015,2015,SEMINAR,Odi,Angul,Odia,https://drive.google.com/uc?export=download&id=1J5KoGpzB5QB4i0NNlP9oKESraZRdF-VE
633,Krishna,Odi_Krishna_balya_lila-Day-06-Angul_10-12-2015.mp3,10-12-2015,2015,SEMINAR,Odi,Angul,Odia,https://drive.google.com/uc?export=download&id=1h4irMd-zIGd260eJeECHDZZYOR1-1Hz1
634,Krishna,Odi_Krishna_balya_lila-Day-05-Angul_09-12-2015.mp3,09-12-2015,2015,SEMINAR,Odi,Angul,Odia,https://drive.google.com/uc?export=download&id=1-R1gCG4J-3XDvnkabj34DLZVp8JCD0ID
635,Krishna,Odi_Krishna_balya_lila-Day-04-Angul_08-12-2015.mp3,08-12-2015,2015,SEMINAR,Odi,Angul,Odia,https://drive.google.com/uc?export=download&id=12DMtK33Klqkc8XR4FahhQDM2jCEakvBd
636,Krishna,Odi_Krishna_balya_lila-Day-03-Angul_07-12-2015.mp3,07-12-2015,2015,SEMINAR,Odi,Angul,Odia,https://drive.google.com/uc?export=download&id=1XKFbr2BvWyWCg5B2byE0H-EvLCdYoo9a
637,Krishna,Odi_Krishna_balya_lila-Day-02-Angul_06-12-2015.mp3,06-12-2015,2015,SEMINAR,Odi,Angul,Odia,https://drive.google.com/uc?export=download&id=17CVKQaFdG3y1duBrqUpmY4CI9uuhWCxS
638,Krishna,Odi_Krishna_balya_lila-Day-01-Angul_05-12-2015.mp3,05-12-2015,2015,SEMINAR,Odi,Angul,Odia,https://drive.google.com/uc?export=download&id=1tbtysQjG2_s6vcF3YBHDXK0R15wlYRS3
639,Krishna,Odi_Krishna_balya_lila-Day-07-Angul_08-12-2014.mp3,08-12-2014,2014,SEMINAR,Odi,Angul,Odia,https://drive.google.com/uc?export=download&id=1WVBVrQC_EnyKi6h3e0ZwlPTXToTwLPTM
640,Krishna,Odi_Krishna_balya_lila-Day-05-Angul_06-12-2014.mp3,06-12-2014,2014,SEMINAR,Odi,Angul,Odia,https://drive.google.com/uc?export=download&id=1aeYlXl_wE67TK7cyDVQ2xHoevT3zd9oo
641,Krishna,Odi_Krishna_balya_lila-Day-04-Angul_05-12-2014.mp3,05-12-2014,2014,SEMINAR,Odi,Angul,Odia,https://drive.google.com/uc?export=download&id=1IBNh-sfF7YaJXis5Hz_kzigWwpiMTF3W
642,Krishna,Odi_Krishna_balya_lila-Day-03-Angul_04-12-2014.mp3,04-12-2014,2014,SEMINAR,Odi,Angul,Odia,https://drive.google.com/uc?export=download&id=11hcy7laTg_2lbaQhWCC29rCEnjHbCouj
643,Krishna,Odi_Krishna_balya_lila-Day-02-Angul_03-12-2014.mp3,03-12-2014,2014,SEMINAR,Odi,Angul,Odia,https://drive.google.com/uc?export=download&id=14zWgOFIyIt6jydFvn0fZQw7_-fjeF3no
644,Krishna,Odi_Krishna_balya_lila-Day-01-Angul_02-12-2014.mp3,02-12-2014,2014,SEMINAR,Odi,Angul,Odia,https://drive.google.com/uc?export=download&id=1KunAi152v1Z6ICGBiF7G9cLlzOsaBndl
645,Krishna,Odi_Krishna_Sudama_milan-Day-7_Talcher_20-04-15.mp3,20-04-15,2015,SEMINAR,Odi,Unknown,Odia,https://drive.google.com/uc?export=download&id=1m6_2xAc46UCfPVFoIHqv6PXPYbZJ3OXc
646,Krishna,Odi_Krishna_Sudama_milan-Day-6_Talcher_19-04-15.mp3,19-04-15,2015,SEMINAR,Odi,Unknown,Odia,https://drive.google.com/uc?export=download&id=1uNfrHP3dzWigUn-gbeVEkrh2hjOrFd6C
647,Krishna,Odi_Krishna_Sudama_milan-Day-5_Talcher_18-04-15.mp3,18-04-15,2015,SEMINAR,Odi,Unknown,Odia,https://drive.google.com/uc?export=download&id=1HSpF9L85eLjTTvY0Wd24b4tcMTptM9y0
648,Krishna,Odi_Krishna_Sudama_milan-Day-4_Talcher_17-04-15.mp3,17-04-15,2015,SEMINAR,Odi,Unknown,Odia,https://drive.google.com/uc?export=download&id=1KcQswYdxwgjAFHeHWjAtQ0VKDAyZcoZ8
649,Krishna,Odi_Krishna_Sudama_milan-Day-3_Talcher_16-04-15.mp3,16-04-15,2015,SEMINAR,Odi,Unknown,Odia,https://drive.google.com/uc?export=download&id=12xM63yBE67bY-8MjGGx-UJ-yKturzrJJ
650,Krishna,Odi_Krishna_Sudama_milan-Day-2_Talcher_15-04-15.mp3,15-04-15,2015,SEMINAR,Odi,Unknown,Odia,https://drive.google.com/uc?export=download&id=1P_Y-3uTKL1sd0v2n2LHfNCg_iVRy-jl1
651,Krishna,Odi_Krishna_Sudama_milan-Day-1_Talcher_14-04-15.mp3,14-04-15,2015,SEMINAR,Odi,Unknown,Odia,https://drive.google.com/uc?export=download&id=18jY0v1CJhgAi2rX7TNEhh4vo7bRIb2FE
652,SB-01.02.06,Odi_SB-01.02.06_Samasta_vaidika_sahstra_ra_sara_village_prog_Ganjam_08-12-24.mp3,08-12-24,2024,SB,Odi,Unknown,Odia,https://drive.google.com/uc?export=download&id=19SHyno06Ax7zIn-NCo03T98DUZ7zMZff
653,Vasanta,Odi_Vasanta_panchami_House_prog_cuttack_03-02-25.mp3,03-02-25,2025,LECTURE,Odi,Unknown,Odia,https://drive.google.com/uc?export=download&id=1t4FP9V2D82tWKICmjXqTmsuR_vM67BC0
654,SB-01.09.40,Odi_SB-01.09.40_Bhismadev_nka_prarthana_Bahanaga_17-01-25.mp3,17-01-25,2025,SB,Odi,Unknown,Odia,https://drive.google.com/uc?export=download&id=102CgEZInf_1oSRg5L4PzFl5bilJfx5Na
655,SB-06.01.15,Odi_SB-06.01.15_Kevala_bhakti_ra_mahatva_Aska_09-01-25.mp3,09-01-25,2025,SB,Odi,Unknown,Odia,https://drive.google.com/uc?export=download&id=1dbxc0E7vtK5ft2HhZu4zm79ReKzG7DDC
656,SB-02.02.37,Odi_SB-02.02.37_Bhakti_yoga_ra_mahatva_ISKCON_Ankushpur_08.01.25.mp3,Unknown,Unknown,SB,Odi,Unknown,Odia,https://drive.google.com/uc?export=download&id=11U9IPfE8Sdqdc34Stg9IdyTm1KSRy2mk
657,SB-05.05.04,Odi_SB-05.05.04_Bhagavan_Rusabha_deva_nka_upadesha_House_prog_Brahmapur_08-01-25.mp3,08-01-25,2025,SB,Odi,Brahmapur,Odia,https://drive.google.com/uc?export=download&id=12Z8p507P3rkKIEhD_2y2fqX2ArhBWmN4
658,SB-01.08.25,Odi_SB-01.08.25_Bipada_asu_House_prog_Cuttack_05-01-25.mp3,05-01-25,2025,SB,Odi,Unknown,Odia,https://drive.google.com/uc?export=download&id=1ezcFaTDaevtFcbcYTTH1qAbLQ1pjgo03
659,Lochan,Odi_Lochan_das_thakur_avirbhava_House_prog_BBSR_31-12-24.mp3,31-12-24,2024,LECTURE,Odi,Unknown,Odia,https://drive.google.com/uc?export=download&id=1jWfdP4tjIhysA-wYwUhXQfMZAB_I9R2r
660,SB-04.30.08-Bhakta,Odi_SB-04.30.08-Bhakta_nka_madhyare_souhardya-Dhenkanal_19-01-25.mp3,19-01-25,2025,SB,Odi,Unknown,Odia,https://drive.google.com/uc?export=download&id=1-W60kuaNTTmpDoB2ef2PGgztGumtmloA
661,Arrival,Odi_Arrival_address_ISKCON_Angul_23-12-24.mp3,23-12-24,2024,LECTURE,Odi,Angul,Odia,https://drive.google.com/uc?export=download&id=1L7tzyVnWBggtW7HiY_OKb1ibpbdNXhJV
662,dikshya,Odi_dikshya_pravachan_ISKCON_Dkl_22-12-24.mp3,22-12-24,2024,LECTURE,Odi,Unknown,Odia,https://drive.google.com/uc?export=download&id=14Ndc93VxrdTKR9GCUdCH8Y3f-lYJV_Lg
663,Srimad,Odi_Srimad_Bhakti_Siddhanta_Saraswati_Thakur_avirbhava_ISKCON_Dkl_19-12-24.mp3,19-12-24,2024,LECTURE,Odi,Unknown,Odia,https://drive.google.com/uc?export=download&id=1QGdxRKTvihibXWoohaI47Q0DgVilM9hF
664,Sri,Odi_Sri_Jagannath_katha-Day-3_ISKCON_Dhenkanal_01-06-24.mp3,01-06-24,2024,SEMINAR,Odi,Unknown,Odia,https://drive.google.com/uc?export=download&id=1UWr_V-2MXk25UcpEC7sqXRoD3VWSBFHG
665,Sri,Odi_Sri_Jagannath_katha-Day-2_ISKCON_Dhenkanal_31-05-24.mp3,31-05-24,2024,SEMINAR,Odi,Unknown,Odia,https://drive.google.com/uc?export=download&id=1dAzcQ0tmiLjXHVnPwQTQj6qdAZfum5Tp
666,Sri,Odi_Sri_Jagannath_katha-Day-1_ISKCON_Dhenkanal_30-05-24.mp3,30-05-24,2024,SEMINAR,Odi,Unknown,Odia,https://drive.google.com/uc?export=download&id=1bC6CPMwkw-V2mxes7Nsprn05WbWYbsLb
667,Prahalad,Odi_Prahalad_maharaj-Day-7_ISKCON-Cuttack_24-04-11.mp3,24-04-11,2011,SEMINAR,Odi,Unknown,Odia,https://drive.google.com/uc?export=download&id=1QxJ2Ec3O6md2C_TDbze4872Faxh_ZGG7
668,Prahalad,Odi_Prahalad_maharaj-Day-6_ISKCON-Cuttack_23-04-11.mp3,23-04-11,2011,SEMINAR,Odi,Unknown,Odia,https://drive.google.com/uc?export=download&id=1Zbb4lOBd6s-458HKES7OdLEqlSR9v2pK
669,Prahalad,Odi_Prahalad_maharaj-Day-5_ISKCON-Cuttack_22-04-11.mp3,22-04-11,2011,SEMINAR,Odi,Unknown,Odia,https://drive.google.com/uc?export=download&id=18e9BUPfcolPyxzjJYFUra40EqrkS6eWo
670,Prahalad,Odi_Prahalad_maharaj-Day-4_ISKCON-Cuttack_21-04-11.mp3,21-04-11,2011,SEMINAR,Odi,Unknown,Odia,https://drive.google.com/uc?export=download&id=1uyLnnjuWqarZ0k4GlGP_MZ2mC0myjgHS
671,Prahalad,Odi_Prahalad_maharaj-Day-3_ISKCON-Cuttack_20-04-11.mp3,20-04-11,2011,SEMINAR,Odi,Unknown,Odia,https://drive.google.com/uc?export=download&id=12eTtyMTXNpzfMdtlvys5Xlt1oRvSQFKn
672,Prahalad,Odi_Prahalad_maharaj-Day-2_ISKCON-Cuttack_19-04-11.mp3,19-04-11,2011,SEMINAR,Odi,Unknown,Odia,https://drive.google.com/uc?export=download&id=1Ur13AJkcOyEMTIShZOC5k0X4lyYtheZi
673,Prahalad,Odi_Prahalad_maharaj-Day-1_ISKCON-Cuttack_18-04-11.mp3,18-04-11,2011,SEMINAR,Odi,Unknown,Odia,https://drive.google.com/uc?export=download&id=1ZMKXKUbmPQQVKKWGeRltLN9hfwPAEfmy
674,Govardhan,Odi_Govardhan_dharan_lila-Day-6_ISKCON-BAM-NH16_12-05-16.mp3,12-05-16,2016,SEMINAR,Odi,Unknown,Odia,https://drive.google.com/uc?export=download&id=1a-uGMQKeZj92m-hvzFG-zwrLu7_tN5Mh
675,Govardhan,Odi_Govardhan_dharan_lila-Day-7_ISKCON-BAM-NH16_13-05-16.mp3,13-05-16,2016,SEMINAR,Odi,Unknown,Odia,https://drive.google.com/uc?export=download&id=1qz1gc9lASmiXCr-7Sex_pC9GmPp_9FW_
676,Govardhan,Odi_Govardhan_dharan_lila-Day-5_ISKCON-BAM-NH16_11-05-16.mp3.mp3,11-05-16,2016,SEMINAR,Odi,Unknown,Odia,https://drive.google.com/uc?export=download&id=1YpUte6uLW3Oy0z-Fidor5syPKrDLoXlK
677,Govardhan,Odi_Govardhan_dharan_lila-Day-4_ISKCON-BAM-NH16_10-05-16.mp3,10-05-16,2016,SEMINAR,Odi,Unknown,Odia,https://drive.google.com/uc?export=download&id=1ixwaxavhkB49eseTKAtAAzWhrmYK_Ppg
678,Govardhan,Odi_Govardhan_dharan_lila-Day-3_ISKCON-BAM-NH16_09-05-16.mp3,09-05-16,2016,SEMINAR,Odi,Unknown,Odia,https://drive.google.com/uc?export=download&id=1DuvYtdOk7k984eHFNwVWj2PZ_XfUolZi
679,Govardhan,Odi_Govardhan_dharan_lila-Day-2_ISKCON-BAM-NH16_08-05-16.mp3,08-05-16,2016,SEMINAR,Odi,Unknown,Odia,https://drive.google.com/uc?export=download&id=1Tv_wiO1GPcQ1AdjtyjB4DEwNrNAbrIGu
680,Bharat,Odi_Bharat_maharaj_charita_Day-7_ISKCON-BAM-NH16_16-11-15.mp3,16-11-15,2015,SEMINAR,Odi,Unknown,Odia,https://drive.google.com/uc?export=download&id=1lBNLl3Tw6UcuEYgRB70bJCgQEEMnBR3q
681,Govardhan,Odi_Govardhan_dharan_lila-Day1_ISKCON-BAM-NH16_07-05-16.mp3,07-05-16,2016,LECTURE,Odi,Unknown,Odia,https://drive.google.com/uc?export=download&id=1OHu65erBRsQcV8E3NCXdpr2aIx_8F9Kj
682,Bharat,Odi_Bharat_maharaj_charita_Day-5_ISKCON-BAM-NH16_14-11-15.mp3,14-11-15,2015,SEMINAR,Odi,Unknown,Odia,https://drive.google.com/uc?export=download&id=1f_sAGsJLN0BSW4ofpsoveYbQU6m7ShJL
683,Bharat,Odi_Bharat_maharaj_charita_Day-6_ISKCON-BAM-NH16_15-11-15.mp3,15-11-15,2015,SEMINAR,Odi,Unknown,Odia,https://drive.google.com/uc?export=download&id=1fBpjO0RXH2WYqOpNqCqdSiK2G3lXpE3W
684,Sarvabhauma,Odi_Sarvabhauma_Uddhara_Srikhetra_Parikrama_Puri_20-11-23.mp3,20-11-23,2023,LECTURE,Odi,Puri,Odia,https://drive.google.com/uc?export=download&id=1BnAqVMu6CCSN8QvNXhGV4aYhxsnDKzjy
685,Bharat,Odi_Bharat_maharaj_charita_Day-4_ISKCON-BAM-NH16_13-11-15.mp3,13-11-15,2015,SEMINAR,Odi,Unknown,Odia,https://drive.google.com/uc?export=download&id=1VaJR-ABeGf5IUzfImWNn7K_PaDyXdlYb
686,Bharat,Odi_Bharat_maharaj_charita_Day-3_ISKCON-BAM-NH16_12-11-15.mp3,12-11-15,2015,SEMINAR,Odi,Unknown,Odia,https://drive.google.com/uc?export=download&id=1BPO3oYYxsBEORLnEFz5UMAs5EzvElJom
687,Bharat,Odi_Bharat_maharaj_charita_Day-1_ISKCON-BAM-NH16_10-11-15.mp3,10-11-15,2015,SEMINAR,Odi,Unknown,Odia,https://drive.google.com/uc?export=download&id=1iL4ROO4u-Qc5oGJ4nRgceYGenuanWKjP
688,Bharat,Odi_Bharat_maharaj_charita_Day-2_ISKCON-BAM-NH16_11-11-15.mp3,11-11-15,2015,SEMINAR,Odi,Unknown,Odia,https://drive.google.com/uc?export=download&id=13dPxfJ7mHd3nAkM__rQ0SeQY4p61JC9t
689,SB-03.25.04,Odi_SB-03.25.04_Sadhu_lakshana_ISKCON-BAM-NH16_18-05-17.mp3,18-05-17,2017,SB,Odi,Unknown,Odia,https://drive.google.com/uc?export=download&id=1SrHFBzL8ZoA3oRSVw3OPA4OA8Cr85-Me
690,BG-4.24,Odi_BG-4.24_Bhagavat_praptira_upaya_ISKCON_Burla_14-02-16.mp3,14-02-16,2016,LECTURE,Odi,Burla,Odia,https://drive.google.com/uc?export=download&id=1uKBbNKfzTjbdiUFAGl_GkFqeEmTPvBCb
691,Jagannath,Odi_Jagannath_katha_Gundicha_temple_BBSR_04-07-22.mp3,04-07-22,2022,LECTURE,Odi,Unknown,Odia,https://drive.google.com/uc?export=download&id=12cWkKTHCAMg1qkkIyyumcR_DXGoZa9yK
692,SB-02.07.05,Odi_SB-02.07.05_Bhagavan_nkara_abatirna_hebara_uddeshya_location_unknown_24-04-16.mp3,24-04-16,2016,SB,Odi,Unknown,Odia,https://drive.google.com/uc?export=download&id=1P4I2yV23KazE4ti_2T_t9vIWP8ku8s2j
693,Bhagavan,Odi_Bhagavan_nkara_abatirna_hebara_uddeshya_location_unknown_24-04-16.mp3,24-04-16,2016,LECTURE,Odi,Unknown,Odia,https://drive.google.com/uc?export=download&id=1oTC9YCMhn-TugwfSoZQg7bvp_um4E-FO
694,Vrindavan,Odi_Vrindavan_leela_to_Motari_devotees_Vrindavan_16-10-24.mp3,16-10-24,2024,LECTURE,Odi,Vrindavan,Odia,https://drive.google.com/uc?export=download&id=1XXQ_DUo6IxzCGXKqpzTEihtZ-MAWjJiC
695,Srila,Odi_Srila_Prabhupada_Vyasapuja_lecture_ISKCON_Angul-27-08-20.mp3,27-08-20,2020,LECTURE,Odi,Angul,Odia,https://drive.google.com/uc?export=download&id=1tW39UOx0Z0xHsXQIK1fzy8qNxBqKscDv
696,SB-09.04.63-Aham,Odi_SB-09.04.63-Aham_bhakta_paradhinah_Sunday_feast_ISKCON_Angul-25-08-24.mp3,25-08-24,2024,SB,Odi,Angul,Odia,https://drive.google.com/uc?export=download&id=14LFnQYOSAdpm_m81ocisHunhNZmdMUZg
697,Janmastami,Odi_Janmastami_lecture_ISKCON_Angul-04-09-15.mp3.mp3,04-09-15,2015,LECTURE,Odi,Angul,Odia,https://drive.google.com/uc?export=download&id=1HGj63KhAvINq-JgJ6a6iqrKPyN55lbBl
698,Arrival,Odi_Arrival_address_ISKCON_Angul_21-08-24.mp3,21-08-24,2024,LECTURE,Odi,Angul,Odia,https://drive.google.com/uc?export=download&id=1QDVf-jtuQ2DM0w7ooTnbkRg24t2J0Nn6
699,NOI-03,Odi_NOI-03_Bhaktimaya_jibanare_agragati_pain_kana_avashyaka_ISKCON_Dhenkanal_21-08-24.mp3,21-08-24,2024,LECTURE,Odi,Unknown,Odia,https://drive.google.com/uc?export=download&id=17VBf4CKMGeY6mroDmQ02lIY8OSfzktPX
700,SB-03.02.23,Odi_SB-03.02.23_parama_dayalu_Sri_Krishna_Sunday_prog_Rourkela_30-06-24.mp3,30-06-24,2024,SB,Odi,Unknown,Odia,https://drive.google.com/uc?export=download&id=1gLdq8l6lqFNeELX9EkCgsEKywI1Mbbls
701,Jagannath,Odi_Jagannath_katha_Rourkela_29-06-24.mp3,29-06-24,2024,LECTURE,Odi,Unknown,Odia,https://drive.google.com/uc?export=download&id=1YYbNky08VMUr33F0kPqQ2ataXWRVB_WT
702,SB-08.23.16,Odi_SB-08.23.16_Nama_sankirtana_ra_gurutva_House_program_Rourkela_28-06-24.mp3,28-06-24,2024,SB,Odi,Unknown,Odia,https://drive.google.com/uc?export=download&id=1qAo3YCFfxXltCARVWaNjaTU1Yanj9xzG
703,Arrival,Odi_Arrival_address_Rourkela_28-06-24.mp3,28-06-24,2024,LECTURE,Odi,Unknown,Odia,https://drive.google.com/uc?export=download&id=1LC_zsykNqGsyC4Djx1w55LnPghdyn9_T
704,Jagannathnkara,Odi_Jagannathnkara_achintya_lila_Sunday_feast_lect_ISKCON_Angul-23-06-24.mp3,23-06-24,2024,LECTURE,Odi,Angul,Odia,https://drive.google.com/uc?export=download&id=1WJRZO8NiRIWaANLe2H3aE4ORGJvJ_n3Z
705,SB-11.13.26,Odi_SB-11.13.26_Hamsa_bhagavan_nkara_upadesh_ISKCON_Cuttack_20-06-24.mp3,20-06-24,2024,SB,Odi,Unknown,Odia,https://drive.google.com/uc?export=download&id=1ht20FIkj2VCJmMpLfMqHbiXH1UJhEMJe
706,Brahmachari,Odi_Brahmachari_class_ISKCON_BBSR_19-06-24.mp3,19-06-24,2024,LECTURE,Odi,Unknown,Odia,https://drive.google.com/uc?export=download&id=1rTDETOBP46z5CnDeqvyCOi6ZYpDVlJap
707,SB-10.81.12-13,Odi_SB-10.81.12-13_Sudama_nka_ra_dwarakaru_gruhaku_pratyavartana_ISKCON_BBSR-19-06-24.mp3,19-06-24,2024,SB,Odi,Unknown,Odia,https://drive.google.com/uc?export=download&id=1wL73cDmggI2EGNTKvguZysT16EylzHVY
708,bhakti,Odi_bhakti_brukhya_program_lecture_ISKCON_BBSR-16-06-2024.mp3,16-06-2024,2024,LECTURE,Odi,Unknown,Odia,https://drive.google.com/uc?export=download&id=1sTaFn320wBhkUwRGxMvmSE71BztRRpik
709,SB-07.05.32,Odi_SB-07.05.32_Krushanka_charanare_mati_kipari_lagiba_House_Prog_BBSR-16-06-24.mp3,16-06-24,2024,SB,Odi,Unknown,Odia,https://drive.google.com/uc?export=download&id=1n1D1tYviDzqXS2xaaipH8iBVmG-Lgw7Z
710,kali,Odi_kali_yuga_yuga_dharma-Day3-Rayagada_24-03-24.mp3,24-03-24,2024,LECTURE,Odi,Unknown,Odia,https://drive.google.com/uc?export=download&id=1Dm4NjcLots5mJXNzSkngYssr5R0_QaDQ
711,kali,Odi_kali_yuga_yuga_dharma-Day2-Rayagada_23-03-24.mp3,23-03-24,2024,LECTURE,Odi,Unknown,Odia,https://drive.google.com/uc?export=download&id=1eZURmiVOw4EkcTf_U0Ap88-psBZYctpt
712,kali,Odi_kali_yuga_yuga_dharma-Day1-Rayagada_22-03-24.mp3,22-03-24,2024,LECTURE,Odi,Unknown,Odia,https://drive.google.com/uc?export=download&id=1HdaopgxpHKc4sSc1sGgNycpw2eplfI9Z
713,SB-03.05.47,Odi_SB-03.05.47_nirakarvadi_o_bhaktankara_gati_Rayagada_23-03-24.mp3,23-03-24,2024,SB,Odi,Unknown,Odia,https://drive.google.com/uc?export=download&id=1Y3Cy4_9BDdQ5sgoex6ErCQip1KJOc_T0
714,Guru,Odi_Guru_mukha_padma_vakya_Sunday_feast_ISKCON_Angul_31-03-24.mp3,31-03-24,2024,LECTURE,Odi,Angul,Odia,https://drive.google.com/uc?export=download&id=1J9yINObvtApR-Zx1sBQl0ICHqeyeKspd
715,santana,Odi_santana_ku_Krishnankara_bhakta_kipari_kariba_Angul_02-04-24.mp3,02-04-24,2024,LECTURE,Odi,Angul,Odia,https://drive.google.com/uc?export=download&id=1SeedmvOZpRJwzi5NU29DFAN9Vu6UhJQf
716,Srimad,Odi_Srimad_Bhakti_Charu_Swami_Maharaj_tirobhava_smruti_sabha_ISKCON_Angul_05-07-20.mp3,05-07-20,2020,LECTURE,Odi,Angul,Odia,https://drive.google.com/uc?export=download&id=1ggwYblc2Od032mbgSUUwGnRt4dsEh7Bt
717,Brahma,Odi_Brahma_vimohana_lila_Day-3_ISKCON_Angul_11-02-24.mp3,11-02-24,2024,SEMINAR,Odi,Angul,Odia,https://drive.google.com/uc?export=download&id=1dXwW3w5Oma3DqrPya1hsdwzlv4BdfNrF
718,Brahma,Odi_Brahma_vimohana_lila_Day-2_ISKCON_Angul_10-02-24.mp3,10-02-24,2024,SEMINAR,Odi,Angul,Odia,https://drive.google.com/uc?export=download&id=1orDTNhZj5kfTHpT6z17X-WePfbHEoQRd
719,Brahma,Odi_Brahma_vimohana_lila_Day-1_ISKCON_Angul_09-02-24.mp3,09-02-24,2024,SEMINAR,Odi,Angul,Odia,https://drive.google.com/uc?export=download&id=1KE36LE8xFuQia-VROoyCFH0wm2tNCeia
720,Arrival,Odi_Arrival_address_ISKCON_Angul_05-02-24.mp3,05-02-24,2024,LECTURE,Odi,Angul,Odia,https://drive.google.com/uc?export=download&id=1HaqCtBrCTmVFombWb1Ej48OUDgA2y5Uc
721,Arrival,Odi_Arrival_address_ISKCON_DKL_05-02-24.mp3,05-02-24,2024,LECTURE,Odi,Unknown,Odia,https://drive.google.com/uc?export=download&id=1b1UVvtrzbT6gDTkuWBeycpcTcGyVo9gL
722,Arrival,Odi_Arrival_address_ISKCON_Bhanjanagar_31-01-24.mp3,31-01-24,2024,LECTURE,Odi,Unknown,Odia,https://drive.google.com/uc?export=download&id=1mH3niHD_JslVUhaCmCfT-K8wcrbwMXac
723,Day-2,Odi_Day-2_Bali_Vaman_Charita_Aska_30-01-24.mp3,30-01-24,2024,SEMINAR,Odi,Unknown,Odia,https://drive.google.com/uc?export=download&id=1H61oANCcXFTqpTU6xmFn6Evq7s6JvXyp
724,Day-1,Odi_Day-1_Bali_Vaman_Charita_Aska_29-01-24.mp3,29-01-24,2024,SEMINAR,Odi,Unknown,Odia,https://drive.google.com/uc?export=download&id=18kHnWBQ44qq44vsinjytoObFsbUlLy3s
725,Krishna,Odi_Krishna_bhakti_ra_patha_Bhanjanagar_31-01-24.mp3,31-01-24,2024,LECTURE,Odi,Unknown,Odia,https://drive.google.com/uc?export=download&id=1ymeYP1s-ZUaFbg9pENEMl4EyNdf_K2NF
726,Arrival,Odi_Arrival_address_ISKCON_Aska_29-01-24.mp3,29-01-24,2024,LECTURE,Odi,Unknown,Odia,https://drive.google.com/uc?export=download&id=1I3njUGYN-Y-SOPiUNxidJF8ktxwOlZoy
727,Yuva,Odi_Yuva_avasthare_Krishna_chetana_IYF_class_ISKCON_Ankushpur_28-01-24.mp3,28-01-24,2024,LECTURE,Odi,Unknown,Odia,https://drive.google.com/uc?export=download&id=1X2T1LtKY_ov4iZ3QG2GsQGCOTE4_Xhfn
728,SB.1.8.37,Odi_SB.1.8.37_Krishna_nka_charana_hi_eka_matra_sampatti_26-01-24.mp3,26-01-24,2024,SB,Odi,Unknown,Odia,https://drive.google.com/uc?export=download&id=1ml3Wk-7Ee2k0cbim7VdAvKA2R1ID9OBk
729,Bhisma,Odi_Bhisma_Stuti_Day-3_ISKCON_Ankushpur_25-01-24.mp3,25-01-24,2024,SEMINAR,Odi,Unknown,Odia,https://drive.google.com/uc?export=download&id=1zlrEt4CIMTrL9UW8VMpc73XsJ71pUOXy
730,Bhisma,Odi_Bhisma_Stuti_Day-2_ISKCON_Ankushpur_24-01-24.mp3,24-01-24,2024,SEMINAR,Odi,Unknown,Odia,https://drive.google.com/uc?export=download&id=1g9XoupzmtkHJ3DMXLqmsKcE13wtr07HI
731,Bhisma,Odi_Bhisma_Stuti_Day-1_ISKCON_Ankushpur_23-01-24.mp3,23-01-24,2024,SEMINAR,Odi,Unknown,Odia,https://drive.google.com/uc?export=download&id=1-RDMxOTbGjsger2COOvhYHz18FywMMX-
732,Arrival,Odi_Arrival_address_ISKCON_Ankushpur_22-01-24.mp3,22-01-24,2024,LECTURE,Odi,Unknown,Odia,https://drive.google.com/uc?export=download&id=1OfSbOmnGyS0jIU8xj3V0Qs7G7f-gi82s
733,SB-09.10.04,Odi_SB-09.10.04_Maryada_purusottam_Sri_Ram_Brahmapur_22-01-24.mp3,22-01-24,2024,SB,Odi,Brahmapur,Odia,https://drive.google.com/uc?export=download&id=1A0awwLa3tN1MXL7gdvoXvCjPST8N6meN
734,Mahaprabhu,Odi_Mahaprabhu_nkara_Vrindavan_yatra_Chasapada_Cuttack_20-01-24.mp3,20-01-24,2024,LECTURE,Odi,Vrindavan,Odia,https://drive.google.com/uc?export=download&id=1176TRu_ITYenW548e4lF9yxAi2cem3fh
735,SB-1.13.17,Odi_SB-1.13.17_Gruha_prati_asakta_vyaktira_abastha_BBSR_18-01-24.mp3,18-01-24,2024,SB,Odi,Unknown,Odia,https://drive.google.com/uc?export=download&id=1gYv-DLp0HaavbL0qKTHBi_gmalR5DKVU
736,Maharaj,Odi_Maharaj_Ambarisa_Charita_Day-3_Jatani_14-01-24.mp3,14-01-24,2024,SEMINAR,Odi,Unknown,Odia,https://drive.google.com/uc?export=download&id=1wk_Vhdz-UbAo6ongBjU1h0QbCuKzss9E
737,Maharaj,Odi_Maharaj_Ambarisa_Charita_Day-2_Jatani_13-01-24.mp3,13-01-24,2024,SEMINAR,Odi,Unknown,Odia,https://drive.google.com/uc?export=download&id=1Lgk_U3O33d0sIhL2TTMIVBtkvZ43kiF4
738,Maharaj,Odi_Maharaj_Ambarisa_Charita_Day-1_Jatani_12-01-24.mp3,12-01-24,2024,SEMINAR,Odi,Unknown,Odia,https://drive.google.com/uc?export=download&id=1PoIr3_mr1Ida_hKdX64w9J923Ct31jFf
739,CC-Madhya-13.71-135,Odi_CC-Madhya-13.71-135_ISKCON_Angul-20-07-19.mp3,20-07-19,2019,LECTURE,Odi,Angul,Odia,https://drive.google.com/uc?export=download&id=1guH7K5wOo2TXMvLEJWzOPPvANpQG03n_
740,CC-Madhya-13.1-70,Odi_CC-Madhya-13.1-70_ISKCON_Angul-19-07-19.mp3,19-07-19,2019,LECTURE,Odi,Angul,Odia,https://drive.google.com/uc?export=download&id=1mArtQrE7xB-cByQvcbh2x5A88ntSSCPN
741,CC-Madhya-18.148-229,Odi_CC-Madhya-18.148-229_BBSR-27-03-20.mp3,27-03-20,2020,LECTURE,Odi,Unknown,Odia,https://drive.google.com/uc?export=download&id=1G4mYRuzFpRA79jMQ9FGiPhE6ND56ASY7
742,CC-Madhya-18.84-147,Odi_CC-Madhya-18.84-147_BBSR-26-03-20.mp3,26-03-20,2020,LECTURE,Odi,Unknown,Odia,https://drive.google.com/uc?export=download&id=1GwpN1l8tENwRl2AtfpsuIZwrgrvh-ow3
743,Bhakti,Odi_Bhakti_Siddhanta_Saraswati_Thakur_Tirobhav_BBSR_31-12-23.mp3,31-12-23,2023,LECTURE,Odi,Unknown,Odia,https://drive.google.com/uc?export=download&id=10b2-12DZLK9yjzmTh4ifq3uBV1x80yCn
744,Govardhan,Odi_Govardhan_dharan_leela-Day4_Angul_19-09-14.mp3,19-09-14,2014,LECTURE,Odi,Angul,Odia,https://drive.google.com/uc?export=download&id=154rYrygeqesWGjWwMyN8aC9jrdA23RIf
745,Govardhan,Odi_Govardhan_dharan_leela-Day3_Angul_18-09-14.mp3,18-09-14,2014,LECTURE,Odi,Angul,Odia,https://drive.google.com/uc?export=download&id=1XTNd9M1TljLSWyOlY1YFjmu4-m89iNm4
746,Govardhan,Odi_Govardhan_dharan_leela-Day2_Angul_17-09-14.mp3,17-09-14,2014,LECTURE,Odi,Angul,Odia,https://drive.google.com/uc?export=download&id=199xJPlsGWv5Di12AS9X-SK86Nq3rNjRt
747,Dikshya,Odi_Dikshya_pravachan_Sri_Ram_Navami_ISKCON_Angul_20-04-13.mp3,20-04-13,2013,LECTURE,Odi,Angul,Odia,https://drive.google.com/uc?export=download&id=1Vi-2m2WXqiFwna9KsVfgH6Yprbq1hD0J
748,SB-02.02.32,Odi_SB-02.02.32_Bhagavat_praptira_duiti_marga_ISKCON_Angul_05-3-10.mp3,Unknown,Unknown,SB,Odi,Angul,Odia,https://drive.google.com/uc?export=download&id=1OdzExZYyxHI7G2qpNxxSSgSljyi1V-3I
749,SB-07.09.08,Odi_SB-07.09.08_Prahalad_Maharaj_nkara_Prarthana-BBSR_30-12-23.mp3,30-12-23,2023,SB,Odi,Unknown,Odia,https://drive.google.com/uc?export=download&id=1-EfDB21-2XbC5iFBovuMaZjzH9hkTqIm
750,Ajamila,Odi_Ajamila_Charita_Day-7_Burla_16-02-10.mp3,16-02-10,2010,SEMINAR,Odi,Burla,Odia,https://drive.google.com/uc?export=download&id=1zPkLQobTzAm3Fn6uoMOtlO9dWjhnp83X
751,Ajamila,Odi_Ajamila_Charita_Day-6_Burla_15-02-10.mp3,15-02-10,2010,SEMINAR,Odi,Burla,Odia,https://drive.google.com/uc?export=download&id=12_rFpoUPuAgLN6Ue-zeQpq8FKra44pk6
752,Ajamila,Odi_Ajamila_Charita_Day-5_Burla_14-02-10.mp3,14-02-10,2010,SEMINAR,Odi,Burla,Odia,https://drive.google.com/uc?export=download&id=118WUw470uaC8K_QHuMbpElBhgFIuPAcS
753,Ajamila,Odi_Ajamila_Charita_Day-2_Burla_11-02-10.mp3,11-02-10,2010,SEMINAR,Odi,Burla,Odia,https://drive.google.com/uc?export=download&id=1z3Z7YM-GEQQ0fXnhzkF5QUtme1PqI_wk
754,Ajamila,Odi_Ajamila_Charita_Day-3_Burla_12-02-10.mp3,12-02-10,2010,SEMINAR,Odi,Burla,Odia,https://drive.google.com/uc?export=download&id=13_X-VGCWGGYupSwfCySq6S54_-9epjQh
755,Ajamila,Odi_Ajamila_Charita_Day-4_Burla_13-02-10.mp3,13-02-10,2010,SEMINAR,Odi,Burla,Odia,https://drive.google.com/uc?export=download&id=1MSNrS7u9o_W5xhsfzutm1tfTM2NZLBM7
756,Ajamila,Odi_Ajamila_Charita_Day-1_Burla_10-02-10.mp3,10-02-10,2010,SEMINAR,Odi,Burla,Odia,https://drive.google.com/uc?export=download&id=1Tic07oVDgDU1TAwmrjOfZmQAvobuoLAu
757,Yajna,Odi_Yajna_patni_katha_Day-2_ISKCON_Brahmapur_06-01-11.mp3,06-01-11,2011,SEMINAR,Odi,Brahmapur,Odia,https://drive.google.com/uc?export=download&id=1KMrs56pnrpRbww9HS7va8KbaUE8GQcPl
758,Yajna,Odi_Yajna_patni_katha_Day-1_ISKCON_Brahmapur_05-01-11.mp3,05-01-11,2011,SEMINAR,Odi,Brahmapur,Odia,https://drive.google.com/uc?export=download&id=1JFjsB4EURYW9kIqOurldpSR0cWObQH69
759,Yajna,Odi_Yajna_patni_katha_Day-3_ISKCON_Brahmapur_07-01-11.mp3,07-01-11,2011,SEMINAR,Odi,Brahmapur,Odia,https://drive.google.com/uc?export=download&id=1aXXciULyH8qR38YzWF8U7x6r0ImNIeBa
760,Vrindavan,Odi_Vrindavan_leela_ISKCON_Ankushpur_29-11-15.mp3,29-11-15,2015,LECTURE,Odi,Vrindavan,Odia,https://drive.google.com/uc?export=download&id=1332i5pWU8Dvw8oxL2buVBNR75pBvgkKi
761,Vrindavan,Odi_Vrindavan_leela_ISKCON_Ankushpur_27-11-15.mp3,27-11-15,2015,LECTURE,Odi,Vrindavan,Odia,https://drive.google.com/uc?export=download&id=1FuoG_iF6LfUawZliuM2vBZHaj-wNdvOW
762,Vrindavan,Odi_Vrindavan_leela_ISKCON_Ankushpur_28-11-15.mp3,28-11-15,2015,LECTURE,Odi,Vrindavan,Odia,https://drive.google.com/uc?export=download&id=1-pypRWHXkNAaWX0G_qLcMEkoguUaNxJR
763,Vrindavan,Odi_Vrindavan_leela_ISKCON_Ankushpur_26-11-15.mp3,26-11-15,2015,LECTURE,Odi,Vrindavan,Odia,https://drive.google.com/uc?export=download&id=1CYx49yYH_Kn-CZtl5UkD2vjxjLrqreY4
764,Vrindavan,Odi_Vrindavan_leela_ISKCON_Ankushpur_25-11-15.mp3,25-11-15,2015,LECTURE,Odi,Vrindavan,Odia,https://drive.google.com/uc?export=download&id=1_NoP1cfpWbL6zooFufjJVxOVWzNQZLhx
765,Arrival,Odi_Arrival_address_ISKCON_Angul_21-01-20.mp3,21-01-20,2020,LECTURE,Odi,Angul,Odia,https://drive.google.com/uc?export=download&id=1t8nftPszbNh7nKODhpmuyjKPF7ytZwx1
766,SB-10.68.06,Odi_SB-10.68.06_Sambankara_vivaha_ISKCON_BBSR_26-12-22.mp3,26-12-22,2022,SB,Odi,Unknown,Odia,https://drive.google.com/uc?export=download&id=1IAQWhkk35dY0-OBGbB6SOE5_oHsKgXbx
767,SB-07.09.39,Odi_SB-07.09.39_Bhakta_ra_dainyata-BBSR_25-12-22.mp3,25-12-22,2022,SB,Odi,Unknown,Odia,https://drive.google.com/uc?export=download&id=1pDjKBc2tnCUv7pMK1flK1ISJQ8RGMnjo
768,SB-01.14.09,Odi_SB-01.14.09_Krishna_krupara_smarana_BBSR_01-01-23.mp3,01-01-23,2023,SB,Odi,Unknown,Odia,https://drive.google.com/uc?export=download&id=1RHVfzSs05ESIepWu4z-bM4Tsv1JH3NnD
769,SB-10.39.36-38,Odi_SB-10.39.36-38_Akrura_Vraja_gamana_Brahmapur_03-01-23.mp3,03-01-23,2023,SB,Odi,Brahmapur,Odia,https://drive.google.com/uc?export=download&id=1Ypa64S9eK6kB1OwE8rzcbldE4p8R-FUU
770,SB-01.19.02,Odi_SB-01.19.02_Parikshit_maharajankara_anutapa_24-12-22.mp3,24-12-22,2022,SB,Odi,Unknown,Odia,https://drive.google.com/uc?export=download&id=17y-VkPbktAER8xDbEeMsVjI-ZcaH8_eZ
771,Satata,Odi_Satata_Krishna_Smarana_ISKCON_BBSR_Gundicha_temple_25-12-23.mp3,25-12-23,2023,LECTURE,Odi,Unknown,Odia,https://drive.google.com/uc?export=download&id=1UCTDxypLu9I1uqCd6zdqMm0IMED4jXLR
772,CC-Antya.8,Odi_CC-Antya.8_sadachara_palana_vaishnavara_bhusana_Khalisahi_24-12-23.mp3,24-12-23,2023,LECTURE,Odi,Unknown,Odia,https://drive.google.com/uc?export=download&id=1gkWnCt6nUZZs9uQ9KW9g2E19aLSyPIsc
773,SB-08.01.10,Odi_SB-08.01.10_sabu_kichi_ra_malika_bhagavan_ISKCON_Remuna_20-12-23.mp3,20-12-23,2023,SB,Odi,Unknown,Odia,https://drive.google.com/uc?export=download&id=1pIuARtWOjQ0FOqTu1Z6uNPPtCgbS0gsa
774,Akrura,Odi_Akrura_Vraja_gamana_Day-5_ISKCON_Bahanaga_05-12-2011.mp3,05-12-2011,2011,SEMINAR,Odi,Unknown,Odia,https://drive.google.com/uc?export=download&id=14RSoWLXqs88BZI_TCctPGLYjR_29cGn6
775,Akrura,Odi_Akrura_Vraja_gamana_Day-4_ISKCON_Bahanaga_04-12-2011.mp3,04-12-2011,2011,SEMINAR,Odi,Unknown,Odia,https://drive.google.com/uc?export=download&id=1cIJFvZFlzZx6PGq02oN9T37ySrpWqPGT
776,Akrura,Odi_Akrura_Vraja_gamana_Day-3_ISKCON_Bahanaga_03-12-2011.mp3,03-12-2011,2011,SEMINAR,Odi,Unknown,Odia,https://drive.google.com/uc?export=download&id=1v5ctsd9W9pY0Md1Yg8wj3i6wu9lvFgEJ
777,Akrura,Odi_Akrura_Vraja_gamana_Day-2_ISKCON_Bahanaga_02-12-2011.mp3,02-12-2011,2011,SEMINAR,Odi,Unknown,Odia,https://drive.google.com/uc?export=download&id=1cH9jeFVFscgeyRJDAIJdnevGef1GEPMD
778,Akrura,Odi_Akrura_Vraja_gamana_Day-1_ISKCON_Bahanaga_01-12-2011.mp3,01-12-2011,2011,SEMINAR,Odi,Unknown,Odia,https://drive.google.com/uc?export=download&id=1MbfgoNsgH2J9u6MDsI3UhB_EcXf9gaJF
779,short,Odi_short_QnA_bhakti_re_drudha_kipari_heba_Remuna_19-12-23.mp3,19-12-23,2023,LECTURE,Odi,Unknown,Odia,https://drive.google.com/uc?export=download&id=1qbFnTvM1xRip0tNh63UJT0lII-Kjv6-U
780,SB-1.8.26,Odi_SB-1.8.26_akinchana_gocharam_ISKCON_Bahanaga_19-12-23.mp3,19-12-23,2023,SB,Odi,Unknown,Odia,https://drive.google.com/uc?export=download&id=1XD_G1ViS0k6ds02KTohwF3pQCeIl7wrQ
781,CC-Madhya-1.249,Odi_CC-Madhya-1.249_nilachale_Sri_chaitanya_mahaprabhu_ISKCON_BBSR-17-11-22.mp3,17-11-22,2022,LECTURE,Odi,Unknown,Odia,https://drive.google.com/uc?export=download&id=1BOO0YOjbjN7h8B0QC2b5eaEt2zv0d14e
782,Vyasapuja,Odi_Vyasapuja_lecture_of_HH_Bhakti_Svarupa_Damodar_Swami_ISKCON_Bahanaga_18-12-23.mp3,18-12-23,2023,LECTURE,Odi,Unknown,Odia,https://drive.google.com/uc?export=download&id=18S_mlWOmdkSu9iqw3djjn-_MSIRnAXr2
783,CC-Madhya-2.1,Odi_CC-Madhya-2.1_ISKCON_BBSR-15-06-23.mp3,15-06-23,2023,LECTURE,Odi,Unknown,Odia,https://drive.google.com/uc?export=download&id=1o8PPsCvx5mxlbSj_I3pPQAOOlfauFf3L
784,Nutan,Odi_Nutan_gruha_prabesha_of_Surapati_das_BBSR-13-06-23.mp3,13-06-23,2023,LECTURE,Odi,Unknown,Odia,https://drive.google.com/uc?export=download&id=1lw7Qur17O_drzd761Ge-XUjnkesTEJ8U
785,Arrival,Odi_Arrival_address_ISKCON_Bahanaga_17-12-23.mp3,17-12-23,2023,LECTURE,Odi,Unknown,Odia,https://drive.google.com/uc?export=download&id=19B5bvfL3UnoyVCREgYzfd-pUWIEnvcVz
786,Arrival,Odi_Arrival_address_ISKCON_Angul_14-12-23.mp3,14-12-23,2023,LECTURE,Odi,Angul,Odia,https://drive.google.com/uc?export=download&id=1KVadaY-_7fFbn5EF2vfnbG-hK7IjOVSs
787,Brihad,Odi_Brihad_Bhagavatamrita_Day4_ISKCON_BBSR-10-12-23.mp3,10-12-23,2023,LECTURE,Odi,Unknown,Odia,https://drive.google.com/uc?export=download&id=1RCjRhu3TJfLnRrGVTvNfoC7XCPE3aEZb
788,Brihad,Odi_Brihad_Bhagavatamrita_Day3_ISKCON_BBSR-09-12-23.mp3,09-12-23,2023,LECTURE,Odi,Unknown,Odia,https://drive.google.com/uc?export=download&id=1MrPBCh0piv7ZXbJdjIBGA8nLmErWP3NW
789,Brihad,Odi_Brihad_Bhagavatamrita_Day2_ISKCON_BBSR-08-12-23.mp3,08-12-23,2023,LECTURE,Odi,Unknown,Odia,https://drive.google.com/uc?export=download&id=16sx705gQB1FP1WGw_iYNUkVw1jvp5HMu
790,Brihad,Odi_Brihad_Bhagavatamrita_Day1_ISKCON_BBSR-07-12-23.mp3,07-12-23,2023,LECTURE,Odi,Unknown,Odia,https://drive.google.com/uc?export=download&id=1TWshxT3JZ2yZzh8BTwpiFED5w40ydTUp
791,Mathura,Odi_Mathura_Bijaya_Day-3_ISKCON_Angul_22-12-22.mp3,22-12-22,2022,SEMINAR,Odi,Angul,Odia,https://drive.google.com/uc?export=download&id=1W41Y2UFLtjzSWdsaLWd9QpnuZ25B0iXO
792,Mathura,Odi_Mathura_Bijaya_Day2_ISKCON_Angul_21-12-22.mp3,21-12-22,2022,LECTURE,Odi,Angul,Odia,https://drive.google.com/uc?export=download&id=1ZInPJAFUhPs5J-L7pQlDdYQj4k-Njgu4
793,Mathura,Odi_Mathura_Bijaya_Day-1_ISKCON_Angul_20-12-22.mp3,20-12-22,2022,SEMINAR,Odi,Angul,Odia,https://drive.google.com/uc?export=download&id=1WDiisxSo-r5V2cMj7QsZHWf6WowDxTmJ
794,SB.1.2.9,Odi_SB.1.2.9_dharma_palana_ra_uddeshya_11-12-22.mp3,11-12-22,2022,SB,Odi,Unknown,Odia,https://drive.google.com/uc?export=download&id=1e0M0zwCMVFY5rpsvpBaig0GJpQxh5Zde
795,Sarvabhauma,Odi_Sarvabhauma_uddhara_ISKCON_Brahmapur_03-12-15.mp3,03-12-15,2015,LECTURE,Odi,Brahmapur,Odia,https://drive.google.com/uc?export=download&id=1etrMgYHXu4uGPu2Ew2KLOE5Z9fpqFskg
796,Bg-07.17,Odi_Bg-07.17_Sabu_tharu_priya_bhakta_house_prog_BBSR-12-06-23.mp3,12-06-23,2023,LECTURE,Odi,Unknown,Odia,https://drive.google.com/uc?export=download&id=1heHLeS1wsx26yFgu_q5qFExwqx6Gvl4u
797,Sabu,Odi_Sabu_tharu_priya_bhakta_house_prog_BBSR-12-06-23.mp3,12-06-23,2023,LECTURE,Odi,Unknown,Odia,https://drive.google.com/uc?export=download&id=1ms0Mx7XQumEEBuSuruf5T-lPIik12GDK
798,Sarva,Odi_Sarva_srestha_jana_hitakara_karjya_ISKCON_Khurda-10-06-23.mp3,10-06-23,2023,LECTURE,Odi,Unknown,Odia,https://drive.google.com/uc?export=download&id=1-JluTtv45mb901wEaXkP8ZhR1t_-qXQD
799,Prema,Odi_Prema_nama_Varsa-ISKCON-Khurda-10-06-23.mp3,10-06-23,2023,LECTURE,Odi,Unknown,Odia,https://drive.google.com/uc?export=download&id=150l0epjgCabfOOugPP9yyI_1rsRi5kGX
800,HH,Odi_HH_Tamal_Krishna_Goswami_Vyasapuja_ISKCON_Angul-07-06-23.mp3,07-06-23,2023,LECTURE,Odi,Angul,Odia,https://drive.google.com/uc?export=download&id=1NjrQq8ihNsbZTgCGZpThEZO8FqTKlGGi
801,Prachar,Odi_Prachar_hin_Sar_Ujjivan_camp_ISKCON_Angul_06-06-23.mp3,06-06-23,2023,LECTURE,Odi,Angul,Odia,https://drive.google.com/uc?export=download&id=13MifK2PezWT7Oe9fKW9foDHsLzrnvrkV
802,Gita,Odi_Gita_pathanara_mahima_Bhaktivedanta_Gita_Academy_Puri_02-12-23.mp3,02-12-23,2023,LECTURE,Odi,Puri,Odia,https://drive.google.com/uc?export=download&id=12jXHWvkde7EM-D3amIV5Qrr3RpK_DbnU
803,How,Odi_How_to_improve_chanting_Ujjivan_camp_day-1_Angul_05-06-23.mp3,05-06-23,2023,LECTURE,Odi,Angul,Odia,https://drive.google.com/uc?export=download&id=1CoPs66mj7Clt2b5gdn9jS85BBm4O739Z
804,Amogha,Odi_Amogha_Uddhara_Srikhetra_Parikrama_Puri_30-11-23.mp3,30-11-23,2023,LECTURE,Odi,Puri,Odia,https://drive.google.com/uc?export=download&id=1tv9s_GDSsPRuBfi3gzs8WPgjAWal6XuK
805,Vrindavan,Odi_Vrindavan_Mahima_to_Angul_DKL_group_at_Vrindavan_29-10-23.mp3,29-10-23,2023,LECTURE,Odi,Vrindavan,Odia,https://drive.google.com/uc?export=download&id=11J-yreYSQ3th15a3bbLvbpZI6L1hWJC7
806,BG-09.03,Odi_BG-09.03_Sraddhavan_hi_krishna_nku_prapta_karanti_Angul_25-03-23.mp3,25-03-23,2023,LECTURE,Odi,Angul,Odia,https://drive.google.com/uc?export=download&id=131JytUhLY1869lPoxXs8mQw2bbf_Nofv
807,Arrival,Odi_Arrival_address_ISKCON_Angul_22-03-23.mp3,22-03-23,2023,LECTURE,Odi,Angul,Odia,https://drive.google.com/uc?export=download&id=1Vb72NAR-1XuUGylIXVIWvstw5D2FgN43
808,Yuga,Odi_Yuga_dharma__Bagdharia_Rasol_22-03-23.mp3,22-03-23,2023,LECTURE,Odi,Unknown,Odia,https://drive.google.com/uc?export=download&id=1dA62VIqvzx6HHwwKKV0WXOxY8fit85q6
809,BG-2.13,Odi_BG-2.13_Atma_Vigyana_o_ehara_prayoga_Rasol_21-03-23.mp3,21-03-23,2023,LECTURE,Odi,Unknown,Odia,https://drive.google.com/uc?export=download&id=1CnUUoLWCc73asuZUuTRrur_hw3PenaZ7
810,Ajamila,Odi_Ajamila_Charita_Day-3_Dhenkanal_19-03-23.mp3,19-03-23,2023,SEMINAR,Odi,Unknown,Odia,https://drive.google.com/uc?export=download&id=1s-QOGjE0vf3CutD1qeTKsW-qsYFa6aR5
811,Ajamila,Odi_Ajamila_Charita_Day-2_Dhenkanal_18-03-23.mp3,18-03-23,2023,SEMINAR,Odi,Unknown,Odia,https://drive.google.com/uc?export=download&id=1vMU4GZT5F9Wgxa4LxJUD-Aoh38DCgmOb
812,Ajamila,Odi_Ajamila_Charita_Day-1_Dhenkanal_17-03-23.mp3,17-03-23,2023,SEMINAR,Odi,Unknown,Odia,https://drive.google.com/uc?export=download&id=1pF9rBlieyzqIe23f_yiYnU09TBmGd7-4
813,Arrival,Odi_Arrival_address_ISKCON_DKL_23-03-23.mp3,23-03-23,2023,LECTURE,Odi,Unknown,Odia,https://drive.google.com/uc?export=download&id=1xiF6TtcFRz2dpaU2f2Ddc_kGCsSaBoSi
814,Jagannath,Odi_Jagannath_leela_Day-2_Motari_12-03-23.mp3,12-03-23,2023,SEMINAR,Odi,Unknown,Odia,https://drive.google.com/uc?export=download&id=1-Su6aKoR2RZw8JyYT5iMc_NMpt8n4Bd2
815,Jagannath,Odi_Jagannath_leela_Day-1_Motari_11-03-23.mp3,11-03-23,2023,SEMINAR,Odi,Unknown,Odia,https://drive.google.com/uc?export=download&id=1-Q6IKSV7DTrE18RM3uUD6rAKGic4MvI4
816,Vrindavan,Odi_Vrindavan_leela_05-03-23.mp3,05-03-23,2023,LECTURE,Odi,Vrindavan,Odia,https://drive.google.com/uc?export=download&id=1n6jBnAUx-ZzpJOzw_hU2yRGNZ2LRmN-r
817,SB-1.2.26,Odi_SB-1.2.26_ISKCON_Nayagarh_28-03-22.mp3,28-03-22,2022,SB,Odi,Unknown,Odia,https://drive.google.com/uc?export=download&id=1-CpW4Ci8Kcao5W6p4OGUkW3j_aPhZRpF
818,Day-3,Odi_Day-3_Jada_Bharat_katha_ISKCON_Khalisahi_27-03-22.mp3,27-03-22,2022,SEMINAR,Odi,Unknown,Odia,https://drive.google.com/uc?export=download&id=1DjX56dOKKVAso0IH4hPiquc_XrdTdAxI
819,Day-2,Odi_Day-2_Jada_Bharat_katha_ISKCON_Khalisahi_26-03-22.mp3,26-03-22,2022,SEMINAR,Odi,Unknown,Odia,https://drive.google.com/uc?export=download&id=1GqdjL98swPDebePt9JnyigQo-lw5DDhb
820,Day-1,Odi_Day-1_Jada_Bharat_katha_ISKCON_Khalisahi_25-03-22.mp3,25-03-22,2022,SEMINAR,Odi,Unknown,Odia,https://drive.google.com/uc?export=download&id=1-ywnc-xC_kdLiCMyAk2HkxTNdmXmRCFK
821,SB-7.17.05,Odi_SB-7.17.05_Adarsha_Grihastha_Jibana_Dhenkanal_04-12-21.mp3,04-12-21,2021,SB,Odi,Unknown,Odia,https://drive.google.com/uc?export=download&id=1dmeYdA_YT009uHLreoi_a8FSxJaqCSK6
822,NewProj,Odi_NewProj_Tulshipur_Khallikote_Innaguration_23-11-21.mp3,23-11-21,2021,LECTURE,Odi,Unknown,Odia,https://drive.google.com/uc?export=download&id=1L4cOEp1WAEgKAOSne_PseDI7ibmrE2-7
823,SB-1.2.10,Odi_SB-1.2.10_Angul_21-11-21.mp3,21-11-21,2021,SB,Odi,Angul,Odia,https://drive.google.com/uc?export=download&id=1ZAA_gbhSYOo8R1qvNXWAjWiZE2tDOKBr
824,Glories,Odi_Glories_of_Vrindavan_To_surat_devotees_Vrn_04-11-21.mp3,04-11-21,2021,LECTURE,Odi,Vrindavan,Odia,https://drive.google.com/uc?export=download&id=1hu5Scdzb45tUruc42C7JO-cm3yTc9juC
